Date Last Modified,Institution Code,Collection Code,Catalog Number,Record URL,Scientific Name,Basis of record,Citation,Kingdom,Phylum,Class,Order,Family,Genus,species,Year Identified,Month Identified,Day Identified,Year Collected,Month Collected,Day Collected,Time of Day,Locality,Longitude,Latitude,Sex,Notes,Length (m),Marked Individual,Location ID,Submitter Email Address
5/9/2017,WILDME,RhincodonTypus,1c725466-9849-452d-ba6a-b0c482699811,http://www.whaleshark.org/encounters/encounter.jsp?number=1c725466-9849-452d-ba6a-b0c482699811,,P,"Holmberg J, Arzoumanian Z, and Pierce S. Wildbook for Whale Sharks. version 2014. www.whaleshark.org",Animalia,Chordata,Chondrichthyes,Orectolobiformes,Rhincodontidae,,,2017,5,7,2017,5,7,16:30,Shib Habil,,,,,,R-205,RedSea-ShibHabil,royale.hardenstine@kaust.edu.sa
4/12/2017,WILDME,RhincodonTypus,25aa3fc3-0afb-4775-977a-09cd5a205fd7,http://www.whaleshark.org/encounters/encounter.jsp?number=25aa3fc3-0afb-4775-977a-09cd5a205fd7,,P,"Holmberg J, Arzoumanian Z, and Pierce S. Wildbook for Whale Sharks. version 2014. www.whaleshark.org",Animalia,Chordata,Chondrichthyes,Orectolobiformes,Rhincodontidae,,,2017,4,7,2017,4,7,8:00,Shib Habil,,,male,,,R-108,RedSea-ShibHabil,royale.hardenstine@kaust.edu.sa
1/18/2017,WILDME,RhincodonTypus,c0ba016b-62cf-440b-8356-6d211881daa4,http://www.whaleshark.org/encounters/encounter.jsp?number=c0ba016b-62cf-440b-8356-6d211881daa4,,P,"Holmberg J, Arzoumanian Z, and Pierce S. Wildbook for Whale Sharks. version 2014. www.whaleshark.org",Animalia,Chordata,Chondrichthyes,Orectolobiformes,Rhincodontidae,,,2016,5,1,2016,5,1,9:30,Shib Habil,40.22962,20.09232,male,,,R-108,RedSea-ShibHabil,royale.hardenstine@kaust.edu.sa
1/19/2017,WILDME,RhincodonTypus,5db5cf11-7081-4478-a0c7-7e2a59f4686f,http://www.whaleshark.org/encounters/encounter.jsp?number=5db5cf11-7081-4478-a0c7-7e2a59f4686f,,P,"Holmberg J, Arzoumanian Z, and Pierce S. Wildbook for Whale Sharks. version 2014. www.whaleshark.org",Animalia,Chordata,Chondrichthyes,Orectolobiformes,Rhincodontidae,,,2016,4,24,2016,4,24,9:50,Shib Habil,40.22782,20.09182,female,,,R-031,RedSea-ShibHabil,royale.hardenstine@kaust.edu.sa
1/21/2017,WILDME,RhincodonTypus,1dfa4d49-c8b6-47de-b4fc-e8d7edb5c9e9,http://www.whaleshark.org/encounters/encounter.jsp?number=1dfa4d49-c8b6-47de-b4fc-e8d7edb5c9e9,,P,"Holmberg J, Arzoumanian Z, and Pierce S. Wildbook for Whale Sharks. version 2014. www.whaleshark.org",Animalia,Chordata,Chondrichthyes,Orectolobiformes,Rhincodontidae,,,2016,4,24,2016,4,24,9:11,Shib Habil,40.21505,20.11413,female,,,R-081,RedSea-ShibHabil,royale.hardenstine@kaust.edu.sa
1/15/2017,WILDME,RhincodonTypus,a31434bc-5a97-4890-807d-7ef7a7332a76,http://www.whaleshark.org/encounters/encounter.jsp?number=a31434bc-5a97-4890-807d-7ef7a7332a76,,P,"Holmberg J, Arzoumanian Z, and Pierce S. Wildbook for Whale Sharks. version 2014. www.whaleshark.org",Animalia,Chordata,Chondrichthyes,Orectolobiformes,Rhincodontidae,,,2016,4,24,2016,4,24,9:55,Shib Habil,40.22768,20.09261,female,,,R-072,RedSea-ShibHabil,royale.hardenstine@kaust.edu.sa
4/24/2017,WILDME,RhincodonTypus,97f3ece1-506c-42b7-8c8d-b6ed67f49ab1,http://www.whaleshark.org/encounters/encounter.jsp?number=97f3ece1-506c-42b7-8c8d-b6ed67f49ab1,,P,"Holmberg J, Arzoumanian Z, and Pierce S. Wildbook for Whale Sharks. version 2014. www.whaleshark.org",Animalia,Chordata,Chondrichthyes,Orectolobiformes,Rhincodontidae,,,2016,4,24,2016,4,24,8:10,Shib Habil,40.21505,20.11413,female,,,R-075,RedSea-ShibHabil,royale.hardenstine@kaust.edu.sa
10/26/2016,WILDME,RhincodonTypus,33a8ba30-e443-45ec-8095-af7a369deb64,http://www.whaleshark.org/encounters/encounter.jsp?number=33a8ba30-e443-45ec-8095-af7a369deb64,,P,"Holmberg J, Arzoumanian Z, and Pierce S. Wildbook for Whale Sharks. version 2014. www.whaleshark.org",Animalia,Chordata,Chondrichthyes,Orectolobiformes,Rhincodontidae,,,2016,4,10,2016,4,10,8:58,Shib Habil,40.20611,20.12939,female,,,R-061,RedSea-ShibHabil,royale.hardenstine@kaust.edu.sa
1/21/2017,WILDME,RhincodonTypus,1766d8cb-e395-44d1-958e-22fb1b869fd8,http://www.whaleshark.org/encounters/encounter.jsp?number=1766d8cb-e395-44d1-958e-22fb1b869fd8,,P,"Holmberg J, Arzoumanian Z, and Pierce S. Wildbook for Whale Sharks. version 2014. www.whaleshark.org",Animalia,Chordata,Chondrichthyes,Orectolobiformes,Rhincodontidae,,,2016,4,10,2016,4,10,8:44,Shib Habil,40.20714,20.12823,male,,,R-126,RedSea-ShibHabil,royale.hardenstine@kaust.edu.sa
1/22/2017,WILDME,RhincodonTypus,851915ca-b5c4-482f-ab1f-658915ec2890,http://www.whaleshark.org/encounters/encounter.jsp?number=851915ca-b5c4-482f-ab1f-658915ec2890,,P,"Holmberg J, Arzoumanian Z, and Pierce S. Wildbook for Whale Sharks. version 2014. www.whaleshark.org",Animalia,Chordata,Chondrichthyes,Orectolobiformes,Rhincodontidae,,,2016,4,9,2016,4,9,10:35,Shib Habil,40.20404,20.12977,,,,R-131,RedSea-ShibHabil,royale.hardenstine@kaust.edu.sa
1/22/2017,WILDME,RhincodonTypus,3cceaff0-3a28-4ae7-b7d1-6e3e957cc76e,http://www.whaleshark.org/encounters/encounter.jsp?number=3cceaff0-3a28-4ae7-b7d1-6e3e957cc76e,,P,"Holmberg J, Arzoumanian Z, and Pierce S. Wildbook for Whale Sharks. version 2014. www.whaleshark.org",Animalia,Chordata,Chondrichthyes,Orectolobiformes,Rhincodontidae,,,2016,4,9,2016,4,9,8:18,Shib Habil,40.21071,20.13076,,,,R-130,RedSea-ShibHabil,royale.hardenstine@kaust.edu.sa
1/20/2017,WILDME,RhincodonTypus,796f03af-c44b-4f1b-a89e-c1552e3d439f,http://www.whaleshark.org/encounters/encounter.jsp?number=796f03af-c44b-4f1b-a89e-c1552e3d439f,,P,"Holmberg J, Arzoumanian Z, and Pierce S. Wildbook for Whale Sharks. version 2014. www.whaleshark.org",Animalia,Chordata,Chondrichthyes,Orectolobiformes,Rhincodontidae,,,2016,4,9,2016,4,9,10:11,Shib Habil,40.20404,20.12977,male,,,R-126,RedSea-ShibHabil,royale.hardenstine@kaust.edu.sa
1/22/2017,WILDME,RhincodonTypus,7c7d7cb1-24a6-4598-a715-84ed28eed834,http://www.whaleshark.org/encounters/encounter.jsp?number=7c7d7cb1-24a6-4598-a715-84ed28eed834,,P,"Holmberg J, Arzoumanian Z, and Pierce S. Wildbook for Whale Sharks. version 2014. www.whaleshark.org",Animalia,Chordata,Chondrichthyes,Orectolobiformes,Rhincodontidae,,,2016,4,9,2016,4,9,7:50,Shib Habil,40.21071,20.13076,male,,,R-060,RedSea-ShibHabil,royale.hardenstine@kaust.edu.sa
10/24/2016,WILDME,RhincodonTypus,0ca0cc7f-e502-4c77-bb75-7e02cba2f106,http://www.whaleshark.org/encounters/encounter.jsp?number=0ca0cc7f-e502-4c77-bb75-7e02cba2f106,,P,"Holmberg J, Arzoumanian Z, and Pierce S. Wildbook for Whale Sharks. version 2014. www.whaleshark.org",Animalia,Chordata,Chondrichthyes,Orectolobiformes,Rhincodontidae,,,2016,4,9,2016,4,9,7:50,Shib Habil,40.21071,20.13076,female,,,R-058,RedSea-ShibHabil,royale.hardenstine@kaust.edu.sa
1/18/2017,WILDME,RhincodonTypus,be552d11-3e86-4d4a-a2f1-c1a56d4094e7,http://www.whaleshark.org/encounters/encounter.jsp?number=be552d11-3e86-4d4a-a2f1-c1a56d4094e7,,P,"Holmberg J, Arzoumanian Z, and Pierce S. Wildbook for Whale Sharks. version 2014. www.whaleshark.org",Animalia,Chordata,Chondrichthyes,Orectolobiformes,Rhincodontidae,,,2016,4,9,2016,4,9,7:50,Shib Habil,40.21071,20.13076,male,,,R-108,RedSea-ShibHabil,royale.hardenstine@kaust.edu.sa
1/21/2017,WILDME,RhincodonTypus,09ab1ec9-172f-491a-b44b-b354b0525bce,http://www.whaleshark.org/encounters/encounter.jsp?number=09ab1ec9-172f-491a-b44b-b354b0525bce,,P,"Holmberg J, Arzoumanian Z, and Pierce S. Wildbook for Whale Sharks. version 2014. www.whaleshark.org",Animalia,Chordata,Chondrichthyes,Orectolobiformes,Rhincodontidae,,,2016,4,9,2016,4,9,9:09,Shib Habil,40.21071,20.13076,female,,,R-081,RedSea-ShibHabil,royale.hardenstine@kaust.edu.sa
1/17/2017,WILDME,RhincodonTypus,08f12a44-8cf0-4f10-a842-355e95982977,http://www.whaleshark.org/encounters/encounter.jsp?number=08f12a44-8cf0-4f10-a842-355e95982977,,P,"Holmberg J, Arzoumanian Z, and Pierce S. Wildbook for Whale Sharks. version 2014. www.whaleshark.org",Animalia,Chordata,Chondrichthyes,Orectolobiformes,Rhincodontidae,,,2016,4,9,2016,4,9,9:09,Shib Habil,40.21071,20.13076,male,,,R-074,RedSea-ShibHabil,royale.hardenstine@kaust.edu.sa
1/18/2017,WILDME,RhincodonTypus,fbca1dc0-b7a9-49fe-b73f-c1a212c0c757,http://www.whaleshark.org/encounters/encounter.jsp?number=fbca1dc0-b7a9-49fe-b73f-c1a212c0c757,,P,"Holmberg J, Arzoumanian Z, and Pierce S. Wildbook for Whale Sharks. version 2014. www.whaleshark.org",Animalia,Chordata,Chondrichthyes,Orectolobiformes,Rhincodontidae,,,2016,4,8,2016,4,8,8:00,Shib Habil,40.2127,20.1281,female,,,R-073,RedSea-ShibHabil,royale.hardenstine@kaust.edu.sa
1/21/2017,WILDME,RhincodonTypus,743ec6b5-20db-4b09-af1c-1128491c9a3b,http://www.whaleshark.org/encounters/encounter.jsp?number=743ec6b5-20db-4b09-af1c-1128491c9a3b,,P,"Holmberg J, Arzoumanian Z, and Pierce S. Wildbook for Whale Sharks. version 2014. www.whaleshark.org",Animalia,Chordata,Chondrichthyes,Orectolobiformes,Rhincodontidae,,,2016,4,8,2016,4,8,8:45,Shib Habil,,,female,,,R-081,RedSea-ShibHabil,royale.hardenstine@kaust.edu.sa
1/18/2017,WILDME,RhincodonTypus,ba790d44-8f86-4e51-a872-cb14d6f9883b,http://www.whaleshark.org/encounters/encounter.jsp?number=ba790d44-8f86-4e51-a872-cb14d6f9883b,,P,"Holmberg J, Arzoumanian Z, and Pierce S. Wildbook for Whale Sharks. version 2014. www.whaleshark.org",Animalia,Chordata,Chondrichthyes,Orectolobiformes,Rhincodontidae,,,2016,4,8,2016,4,8,8:45,Shib Habil,,,male,,,R-108,RedSea-ShibHabil,royale.hardenstine@kaust.edu.sa
1/14/2017,WILDME,RhincodonTypus,b9eee8dc-c462-436e-a000-b5e7ed143c14,http://www.whaleshark.org/encounters/encounter.jsp?number=b9eee8dc-c462-436e-a000-b5e7ed143c14,,P,"Holmberg J, Arzoumanian Z, and Pierce S. Wildbook for Whale Sharks. version 2014. www.whaleshark.org",Animalia,Chordata,Chondrichthyes,Orectolobiformes,Rhincodontidae,,,2016,4,2,2016,4,2,8:45,Shib Habil,,,female,,,R-073,RedSea-ShibHabil,royale.hardenstine@kaust.edu.sa
1/18/2017,WILDME,RhincodonTypus,56891ea0-8b05-4c16-8e1a-225bc9591a7c,http://www.whaleshark.org/encounters/encounter.jsp?number=56891ea0-8b05-4c16-8e1a-225bc9591a7c,,P,"Holmberg J, Arzoumanian Z, and Pierce S. Wildbook for Whale Sharks. version 2014. www.whaleshark.org",Animalia,Chordata,Chondrichthyes,Orectolobiformes,Rhincodontidae,,,2016,3,31,2016,3,31,7:40,Shib Habil,40.21187,20.11777,female,,,R-073,RedSea-ShibHabil,royale.hardenstine@kaust.edu.sa
1/20/2017,WILDME,RhincodonTypus,bbb78e6d-9be5-4d0e-a387-93f3d6cc8bac,http://www.whaleshark.org/encounters/encounter.jsp?number=bbb78e6d-9be5-4d0e-a387-93f3d6cc8bac,,P,"Holmberg J, Arzoumanian Z, and Pierce S. Wildbook for Whale Sharks. version 2014. www.whaleshark.org",Animalia,Chordata,Chondrichthyes,Orectolobiformes,Rhincodontidae,,,2016,3,31,2016,3,31,13:48,Shib Habil,,,male,,,R-124,RedSea-ShibHabil,royale.hardenstine@kaust.edu.sa
1/20/2017,WILDME,RhincodonTypus,22e8a460-b307-4096-b55a-ea270a2d8dde,http://www.whaleshark.org/encounters/encounter.jsp?number=22e8a460-b307-4096-b55a-ea270a2d8dde,,P,"Holmberg J, Arzoumanian Z, and Pierce S. Wildbook for Whale Sharks. version 2014. www.whaleshark.org",Animalia,Chordata,Chondrichthyes,Orectolobiformes,Rhincodontidae,,,2016,3,31,2016,3,31,8:06,Shib Habil,40.21481,20.11256,male,,,R-124,RedSea-ShibHabil,royale.hardenstine@kaust.edu.sa
10/23/2016,WILDME,RhincodonTypus,5e979c46-3641-41a5-b823-f6bc92e903e5,http://www.whaleshark.org/encounters/encounter.jsp?number=5e979c46-3641-41a5-b823-f6bc92e903e5,,P,"Holmberg J, Arzoumanian Z, and Pierce S. Wildbook for Whale Sharks. version 2014. www.whaleshark.org",Animalia,Chordata,Chondrichthyes,Orectolobiformes,Rhincodontidae,,,2016,3,26,2016,3,26,8:38,Shib Habil,40.21228,20.11906,female,,,R-073,RedSea-ShibHabil,royale.hardenstine@kaust.edu.sa
1/17/2017,WILDME,RhincodonTypus,f92cbe92-5957-419c-81cf-bb27c2131f42,http://www.whaleshark.org/encounters/encounter.jsp?number=f92cbe92-5957-419c-81cf-bb27c2131f42,,P,"Holmberg J, Arzoumanian Z, and Pierce S. Wildbook for Whale Sharks. version 2014. www.whaleshark.org",Animalia,Chordata,Chondrichthyes,Orectolobiformes,Rhincodontidae,,,2016,3,26,2016,3,26,11:20,Shib Habil,40.2163,20.11411,male,,,R-074,RedSea-ShibHabil,royale.hardenstine@kaust.edu.sa
1/20/2017,WILDME,RhincodonTypus,fadafb54-7bb4-492d-b978-2c00dcc12d0f,http://www.whaleshark.org/encounters/encounter.jsp?number=fadafb54-7bb4-492d-b978-2c00dcc12d0f,,P,"Holmberg J, Arzoumanian Z, and Pierce S. Wildbook for Whale Sharks. version 2014. www.whaleshark.org",Animalia,Chordata,Chondrichthyes,Orectolobiformes,Rhincodontidae,,,2016,3,19,2016,3,19,16:00,Shib Habil,40.22353,20.10199,male,,,R-082,RedSea-ShibHabil,royale.hardenstine@kaust.edu.sa
10/23/2016,WILDME,RhincodonTypus,96d7ef1f-e72f-453c-8216-f3ede005670d,http://www.whaleshark.org/encounters/encounter.jsp?number=96d7ef1f-e72f-453c-8216-f3ede005670d,,P,"Holmberg J, Arzoumanian Z, and Pierce S. Wildbook for Whale Sharks. version 2014. www.whaleshark.org",Animalia,Chordata,Chondrichthyes,Orectolobiformes,Rhincodontidae,,,2016,3,19,2016,3,19,16:00,Shib Habil,40.22353,20.10199,female,,,R-072,RedSea-ShibHabil,royale.hardenstine@kaust.edu.sa
10/23/2016,WILDME,RhincodonTypus,46a4377c-5ec8-4f5d-acc4-4903d222b230,http://www.whaleshark.org/encounters/encounter.jsp?number=46a4377c-5ec8-4f5d-acc4-4903d222b230,,P,"Holmberg J, Arzoumanian Z, and Pierce S. Wildbook for Whale Sharks. version 2014. www.whaleshark.org",Animalia,Chordata,Chondrichthyes,Orectolobiformes,Rhincodontidae,,,2016,3,19,2016,3,19,16:00,Shib Habil,40.22353,20.10199,female,,,R-071,RedSea-ShibHabil,royale.hardenstine@kaust.edu.sa
1/18/2017,WILDME,RhincodonTypus,3416e2a7-30fb-4c4b-917a-251252989644,http://www.whaleshark.org/encounters/encounter.jsp?number=3416e2a7-30fb-4c4b-917a-251252989644,,P,"Holmberg J, Arzoumanian Z, and Pierce S. Wildbook for Whale Sharks. version 2014. www.whaleshark.org",Animalia,Chordata,Chondrichthyes,Orectolobiformes,Rhincodontidae,,,2016,3,18,2016,3,18,15:30,Shib Habil,40.22441,20.10218,male,,,DJ-109,RedSea-ShibHabil,royale.hardenstine@kaust.edu.sa
10/23/2016,WILDME,RhincodonTypus,11902231-b82f-4b06-81e9-0ead287a8481,http://www.whaleshark.org/encounters/encounter.jsp?number=11902231-b82f-4b06-81e9-0ead287a8481,,P,"Holmberg J, Arzoumanian Z, and Pierce S. Wildbook for Whale Sharks. version 2014. www.whaleshark.org",Animalia,Chordata,Chondrichthyes,Orectolobiformes,Rhincodontidae,,,2016,3,18,2016,3,18,15:30,Shib Habil,40.22441,20.10218,female,,,R-071,RedSea-ShibHabil,royale.hardenstine@kaust.edu.sa
6/23/2015,WILDME,RhincodonTypus,d4cb6f00-827e-4f80-af49-a3a14a52a2c6,http://www.whaleshark.org/encounters/encounter.jsp?number=d4cb6f00-827e-4f80-af49-a3a14a52a2c6,,P,"Holmberg J, Arzoumanian Z, and Pierce S. Wildbook for Whale Sharks. version 2014. www.whaleshark.org",Animalia,Chordata,Chondrichthyes,Orectolobiformes,Rhincodontidae,,,2015,5,14,2015,5,14,,Red Sea,,,male,,,R-059,RedSea-ShibHabil,michael.berumen@kaust.edu.sa
8/3/2016,WILDME,RhincodonTypus,17c70e36-fb1c-4ffd-8d57-958ee19463ca,http://www.whaleshark.org/encounters/encounter.jsp?number=17c70e36-fb1c-4ffd-8d57-958ee19463ca,,P,"Holmberg J, Arzoumanian Z, and Pierce S. Wildbook for Whale Sharks. version 2014. www.whaleshark.org",Animalia,Chordata,Chondrichthyes,Orectolobiformes,Rhincodontidae,,,2015,5,10,2015,5,10,,Red Sea,,,female,,,R-069,RedSea-ShibHabil,michael.berumen@kaust.edu.sa
1/22/2017,WILDME,RhincodonTypus,62c73f57-2ef2-45b3-99fe-dc50fe9ef617,http://www.whaleshark.org/encounters/encounter.jsp?number=62c73f57-2ef2-45b3-99fe-dc50fe9ef617,,P,"Holmberg J, Arzoumanian Z, and Pierce S. Wildbook for Whale Sharks. version 2014. www.whaleshark.org",Animalia,Chordata,Chondrichthyes,Orectolobiformes,Rhincodontidae,,,2015,5,8,2015,5,8,,Red Sea,,,male,,,R-074,RedSea-ShibHabil,michael.berumen@kaust.edu.sa
10/23/2016,WILDME,RhincodonTypus,eb5f0fe7-3a3e-487b-8dac-20ad9f772df2,http://www.whaleshark.org/encounters/encounter.jsp?number=eb5f0fe7-3a3e-487b-8dac-20ad9f772df2,,P,"Holmberg J, Arzoumanian Z, and Pierce S. Wildbook for Whale Sharks. version 2014. www.whaleshark.org",Animalia,Chordata,Chondrichthyes,Orectolobiformes,Rhincodontidae,,,2015,5,8,2015,5,8,,Red Sea,,,female,,,R-072,RedSea-ShibHabil,michael.berumen@kaust.edu.sa
1/23/2017,WILDME,RhincodonTypus,095eca07-a2da-45c2-9493-9ce90be86ba1,http://www.whaleshark.org/encounters/encounter.jsp?number=095eca07-a2da-45c2-9493-9ce90be86ba1,,P,"Holmberg J, Arzoumanian Z, and Pierce S. Wildbook for Whale Sharks. version 2014. www.whaleshark.org",Animalia,Chordata,Chondrichthyes,Orectolobiformes,Rhincodontidae,,,2015,5,8,2015,5,8,,Red Sea,,,male,,,R-144,RedSea-ShibHabil,michael.berumen@kaust.edu.sa
1/23/2017,WILDME,RhincodonTypus,4329b8f7-a837-4f26-9ed3-8ee52dcc7afa,http://www.whaleshark.org/encounters/encounter.jsp?number=4329b8f7-a837-4f26-9ed3-8ee52dcc7afa,,P,"Holmberg J, Arzoumanian Z, and Pierce S. Wildbook for Whale Sharks. version 2014. www.whaleshark.org",Animalia,Chordata,Chondrichthyes,Orectolobiformes,Rhincodontidae,,,2015,5,5,2015,5,5,,Red Sea,,,female,,,R-139,RedSea-ShibHabil,michael.berumen@kaust.edu.sa
10/23/2016,WILDME,RhincodonTypus,7cffeeac-6a17-4981-b36c-c55617052bc8,http://www.whaleshark.org/encounters/encounter.jsp?number=7cffeeac-6a17-4981-b36c-c55617052bc8,,P,"Holmberg J, Arzoumanian Z, and Pierce S. Wildbook for Whale Sharks. version 2014. www.whaleshark.org",Animalia,Chordata,Chondrichthyes,Orectolobiformes,Rhincodontidae,,,2015,5,5,2015,5,5,,Red Sea,,,female,,,R-073,RedSea-ShibHabil,michael.berumen@kaust.edu.sa
6/27/2015,WILDME,RhincodonTypus,dcea9b01-0e5c-4719-aabc-b20dfc357c18,http://www.whaleshark.org/encounters/encounter.jsp?number=dcea9b01-0e5c-4719-aabc-b20dfc357c18,,P,"Holmberg J, Arzoumanian Z, and Pierce S. Wildbook for Whale Sharks. version 2014. www.whaleshark.org",Animalia,Chordata,Chondrichthyes,Orectolobiformes,Rhincodontidae,,,2015,5,2,2015,5,2,,Red Sea,,,male,,,R-060,RedSea-ShibHabil,michael.berumen@kaust.edu.sa
6/27/2015,WILDME,RhincodonTypus,f4a2d606-db80-4066-a79c-7a48bb6310fc,http://www.whaleshark.org/encounters/encounter.jsp?number=f4a2d606-db80-4066-a79c-7a48bb6310fc,,P,"Holmberg J, Arzoumanian Z, and Pierce S. Wildbook for Whale Sharks. version 2014. www.whaleshark.org",Animalia,Chordata,Chondrichthyes,Orectolobiformes,Rhincodontidae,,,2015,5,1,2015,5,1,,Red Sea,,,female,,,R-061,RedSea-ShibHabil,michael.berumen@kaust.edu.sa
6/23/2015,WILDME,RhincodonTypus,a5aae3fe-c977-4035-b0ca-f135345b2e4a,http://www.whaleshark.org/encounters/encounter.jsp?number=a5aae3fe-c977-4035-b0ca-f135345b2e4a,,P,"Holmberg J, Arzoumanian Z, and Pierce S. Wildbook for Whale Sharks. version 2014. www.whaleshark.org",Animalia,Chordata,Chondrichthyes,Orectolobiformes,Rhincodontidae,,,2015,4,30,2015,4,30,,Red Sea,,,male,,,R-059,RedSea-ShibHabil,michael.berumen@kaust.edu.sa
1/23/2017,WILDME,RhincodonTypus,c5c19d94-1992-499b-b478-f73383a00fd8,http://www.whaleshark.org/encounters/encounter.jsp?number=c5c19d94-1992-499b-b478-f73383a00fd8,,P,"Holmberg J, Arzoumanian Z, and Pierce S. Wildbook for Whale Sharks. version 2014. www.whaleshark.org",Animalia,Chordata,Chondrichthyes,Orectolobiformes,Rhincodontidae,,,2015,4,30,2015,4,30,,Red Sea,,,male,,,R-151,RedSea-ShibHabil,michael.berumen@kaust.edu.sa
1/23/2017,WILDME,RhincodonTypus,d737a23f-4595-4e9b-ae29-934f5be28b98,http://www.whaleshark.org/encounters/encounter.jsp?number=d737a23f-4595-4e9b-ae29-934f5be28b98,,P,"Holmberg J, Arzoumanian Z, and Pierce S. Wildbook for Whale Sharks. version 2014. www.whaleshark.org",Animalia,Chordata,Chondrichthyes,Orectolobiformes,Rhincodontidae,,,2015,4,29,2015,4,29,,Red Sea,,,female,,,R-139,RedSea-ShibHabil,michael.berumen@kaust.edu.sa
1/19/2017,WILDME,RhincodonTypus,e8058482-45d3-41cd-8c87-3793c06b53ab,http://www.whaleshark.org/encounters/encounter.jsp?number=e8058482-45d3-41cd-8c87-3793c06b53ab,,P,"Holmberg J, Arzoumanian Z, and Pierce S. Wildbook for Whale Sharks. version 2014. www.whaleshark.org",Animalia,Chordata,Chondrichthyes,Orectolobiformes,Rhincodontidae,,,2015,4,29,2015,4,29,,Red Sea,,,female,,,R-072,RedSea-ShibHabil,michael.berumen@kaust.edu.sa
1/23/2017,WILDME,RhincodonTypus,e68605f3-195e-427f-a00e-5737d4907843,http://www.whaleshark.org/encounters/encounter.jsp?number=e68605f3-195e-427f-a00e-5737d4907843,,P,"Holmberg J, Arzoumanian Z, and Pierce S. Wildbook for Whale Sharks. version 2014. www.whaleshark.org",Animalia,Chordata,Chondrichthyes,Orectolobiformes,Rhincodontidae,,,2015,4,28,2015,4,28,,Red Sea,,,male,,,R-142,RedSea-ShibHabil,michael.berumen@kaust.edu.sa
1/23/2017,WILDME,RhincodonTypus,a53df4cc-7788-45c9-b3b3-f629cb25bf75,http://www.whaleshark.org/encounters/encounter.jsp?number=a53df4cc-7788-45c9-b3b3-f629cb25bf75,,P,"Holmberg J, Arzoumanian Z, and Pierce S. Wildbook for Whale Sharks. version 2014. www.whaleshark.org",Animalia,Chordata,Chondrichthyes,Orectolobiformes,Rhincodontidae,,,2015,4,28,2015,4,28,,Red Sea,,,male,,,R-137,RedSea-ShibHabil,michael.berumen@kaust.edu.sa
6/27/2015,WILDME,RhincodonTypus,4569d95f-106b-46ef-8de6-157622338566,http://www.whaleshark.org/encounters/encounter.jsp?number=4569d95f-106b-46ef-8de6-157622338566,,P,"Holmberg J, Arzoumanian Z, and Pierce S. Wildbook for Whale Sharks. version 2014. www.whaleshark.org",Animalia,Chordata,Chondrichthyes,Orectolobiformes,Rhincodontidae,,,2015,4,28,2015,4,28,,Red Sea,,,female,,,R-061,RedSea-ShibHabil,michael.berumen@kaust.edu.sa
1/23/2017,WILDME,RhincodonTypus,9546c1ba-ce90-4257-b4b7-3d39e12ebb49,http://www.whaleshark.org/encounters/encounter.jsp?number=9546c1ba-ce90-4257-b4b7-3d39e12ebb49,,P,"Holmberg J, Arzoumanian Z, and Pierce S. Wildbook for Whale Sharks. version 2014. www.whaleshark.org",Animalia,Chordata,Chondrichthyes,Orectolobiformes,Rhincodontidae,,,2015,4,28,2015,4,28,,Red Sea,121.5527344,-16.18653935,male,,,R-141,RedSea-ShibHabil,michael.berumen@kaust.edu.sa
1/23/2017,WILDME,RhincodonTypus,177669e5-6a2e-482d-ad5d-aff1084a0bf4,http://www.whaleshark.org/encounters/encounter.jsp?number=177669e5-6a2e-482d-ad5d-aff1084a0bf4,,P,"Holmberg J, Arzoumanian Z, and Pierce S. Wildbook for Whale Sharks. version 2014. www.whaleshark.org",Animalia,Chordata,Chondrichthyes,Orectolobiformes,Rhincodontidae,,,2015,4,28,2015,4,28,,Red Sea,,,female,,,R-138,RedSea-ShibHabil,michael.berumen@kaust.edu.sa
8/12/2015,WILDME,RhincodonTypus,42a00201-b58e-45a1-b9a7-f6ca06581be0,http://www.whaleshark.org/encounters/encounter.jsp?number=42a00201-b58e-45a1-b9a7-f6ca06581be0,,P,"Holmberg J, Arzoumanian Z, and Pierce S. Wildbook for Whale Sharks. version 2014. www.whaleshark.org",Animalia,Chordata,Chondrichthyes,Orectolobiformes,Rhincodontidae,,,2015,4,27,2015,4,27,,Red Sea,,,female,,,R-061,RedSea-ShibHabil,michael.berumen@kaust.edu.sa
1/23/2017,WILDME,RhincodonTypus,32325492-e85b-4e8a-9029-60776c352862,http://www.whaleshark.org/encounters/encounter.jsp?number=32325492-e85b-4e8a-9029-60776c352862,,P,"Holmberg J, Arzoumanian Z, and Pierce S. Wildbook for Whale Sharks. version 2014. www.whaleshark.org",Animalia,Chordata,Chondrichthyes,Orectolobiformes,Rhincodontidae,,,2015,4,25,2015,4,25,,Red Sea,,,,,,R-143,RedSea-ShibHabil,michael.berumen@kaust.edu.sa
1/23/2017,WILDME,RhincodonTypus,43af611b-4dd4-44e4-b553-a3437e27265e,http://www.whaleshark.org/encounters/encounter.jsp?number=43af611b-4dd4-44e4-b553-a3437e27265e,,P,"Holmberg J, Arzoumanian Z, and Pierce S. Wildbook for Whale Sharks. version 2014. www.whaleshark.org",Animalia,Chordata,Chondrichthyes,Orectolobiformes,Rhincodontidae,,,2015,4,25,2015,4,25,,Red Sea,,,male,,,R-137,RedSea-ShibHabil,michael.berumen@kaust.edu.sa
1/23/2017,WILDME,RhincodonTypus,594721f3-e6a1-4f1a-8b70-f7b0ec4be3d5,http://www.whaleshark.org/encounters/encounter.jsp?number=594721f3-e6a1-4f1a-8b70-f7b0ec4be3d5,,P,"Holmberg J, Arzoumanian Z, and Pierce S. Wildbook for Whale Sharks. version 2014. www.whaleshark.org",Animalia,Chordata,Chondrichthyes,Orectolobiformes,Rhincodontidae,,,2015,4,25,2015,4,25,,Red Sea,,,male,,,R-149,RedSea-ShibHabil,michael.berumen@kaust.edu.sa
1/23/2017,WILDME,RhincodonTypus,950e7043-32f2-4705-a479-05b2ffb95646,http://www.whaleshark.org/encounters/encounter.jsp?number=950e7043-32f2-4705-a479-05b2ffb95646,,P,"Holmberg J, Arzoumanian Z, and Pierce S. Wildbook for Whale Sharks. version 2014. www.whaleshark.org",Animalia,Chordata,Chondrichthyes,Orectolobiformes,Rhincodontidae,,,2015,4,25,2015,4,25,,Red Sea,,,female,,,R-150,RedSea-ShibHabil,michael.berumen@kaust.edu.sa
1/23/2017,WILDME,RhincodonTypus,190b1dcd-3322-4423-ad04-798d800b3cca,http://www.whaleshark.org/encounters/encounter.jsp?number=190b1dcd-3322-4423-ad04-798d800b3cca,,P,"Holmberg J, Arzoumanian Z, and Pierce S. Wildbook for Whale Sharks. version 2014. www.whaleshark.org",Animalia,Chordata,Chondrichthyes,Orectolobiformes,Rhincodontidae,,,2015,4,19,2015,4,19,,Red Sea,,,female,,,R-064,RedSea-ShibHabil,michael.berumen@kaust.edu.sa
1/23/2017,WILDME,RhincodonTypus,6d08840b-7be0-4822-bdc3-421b91afc78f,http://www.whaleshark.org/encounters/encounter.jsp?number=6d08840b-7be0-4822-bdc3-421b91afc78f,,P,"Holmberg J, Arzoumanian Z, and Pierce S. Wildbook for Whale Sharks. version 2014. www.whaleshark.org",Animalia,Chordata,Chondrichthyes,Orectolobiformes,Rhincodontidae,,,2015,4,19,2015,4,19,,Red Sea,,,male,,,R-136,RedSea-ShibHabil,michael.berumen@kaust.edu.sa
11/30/2016,WILDME,RhincodonTypus,37d17072-2c78-40d6-83ba-640119b65bb8,http://www.whaleshark.org/encounters/encounter.jsp?number=37d17072-2c78-40d6-83ba-640119b65bb8,,P,"Holmberg J, Arzoumanian Z, and Pierce S. Wildbook for Whale Sharks. version 2014. www.whaleshark.org",Animalia,Chordata,Chondrichthyes,Orectolobiformes,Rhincodontidae,,,2015,4,19,2015,4,19,,Red Sea,,,female,,,R-072,RedSea-ShibHabil,michael.berumen@kaust.edu.sa
1/22/2017,WILDME,RhincodonTypus,b46c3d85-85b2-41d2-a5cd-2cc8fc5a9e5e,http://www.whaleshark.org/encounters/encounter.jsp?number=b46c3d85-85b2-41d2-a5cd-2cc8fc5a9e5e,,P,"Holmberg J, Arzoumanian Z, and Pierce S. Wildbook for Whale Sharks. version 2014. www.whaleshark.org",Animalia,Chordata,Chondrichthyes,Orectolobiformes,Rhincodontidae,,,2015,4,18,2015,4,18,,Red Sea,,,male,,,R-060,RedSea-ShibHabil,michael.berumen@kaust.edu.sa
1/23/2017,WILDME,RhincodonTypus,1290b51b-6b44-4388-8d55-c645cb6f7646,http://www.whaleshark.org/encounters/encounter.jsp?number=1290b51b-6b44-4388-8d55-c645cb6f7646,,P,"Holmberg J, Arzoumanian Z, and Pierce S. Wildbook for Whale Sharks. version 2014. www.whaleshark.org",Animalia,Chordata,Chondrichthyes,Orectolobiformes,Rhincodontidae,,,2015,4,18,2015,4,18,,Red Sea,,,female,,,R-147,RedSea-ShibHabil,michael.berumen@kaust.edu.sa
1/18/2017,WILDME,RhincodonTypus,b70679aa-eb6b-404d-bc61-659594637687,http://www.whaleshark.org/encounters/encounter.jsp?number=b70679aa-eb6b-404d-bc61-659594637687,,P,"Holmberg J, Arzoumanian Z, and Pierce S. Wildbook for Whale Sharks. version 2014. www.whaleshark.org",Animalia,Chordata,Chondrichthyes,Orectolobiformes,Rhincodontidae,,,2015,4,17,2015,4,17,,Red Sea,,,,,,R-112,RedSea-ShibHabil,michael.berumen@kaust.edu.sa
1/23/2017,WILDME,RhincodonTypus,e1e1440b-2ed4-45f1-8125-25dacb6239e0,http://www.whaleshark.org/encounters/encounter.jsp?number=e1e1440b-2ed4-45f1-8125-25dacb6239e0,,P,"Holmberg J, Arzoumanian Z, and Pierce S. Wildbook for Whale Sharks. version 2014. www.whaleshark.org",Animalia,Chordata,Chondrichthyes,Orectolobiformes,Rhincodontidae,,,2015,4,7,2015,4,7,,Red Sea,,,,,,R-148,RedSea-ShibHabil,michael.berumen@kaust.edu.sa
1/23/2017,WILDME,RhincodonTypus,24456734-284d-4e96-ab7b-e2aee6a75091,http://www.whaleshark.org/encounters/encounter.jsp?number=24456734-284d-4e96-ab7b-e2aee6a75091,,P,"Holmberg J, Arzoumanian Z, and Pierce S. Wildbook for Whale Sharks. version 2014. www.whaleshark.org",Animalia,Chordata,Chondrichthyes,Orectolobiformes,Rhincodontidae,,,2015,3,21,2015,3,21,,Red Sea,,,female,,,R-140,RedSea-ShibHabil,michael.berumen@kaust.edu.sa
1/21/2017,WILDME,RhincodonTypus,7363a074-240e-42c3-9461-39ee9f69c891,http://www.whaleshark.org/encounters/encounter.jsp?number=7363a074-240e-42c3-9461-39ee9f69c891,,P,"Holmberg J, Arzoumanian Z, and Pierce S. Wildbook for Whale Sharks. version 2014. www.whaleshark.org",Animalia,Chordata,Chondrichthyes,Orectolobiformes,Rhincodontidae,,,2015,3,21,2015,3,21,,Red Sea,,,,,,R-126,RedSea-ShibHabil,michael.berumen@kaust.edu.sa
1/19/2017,WILDME,RhincodonTypus,196bd112-2e70-4a2d-b93a-4e5b07902877,http://www.whaleshark.org/encounters/encounter.jsp?number=196bd112-2e70-4a2d-b93a-4e5b07902877,,P,"Holmberg J, Arzoumanian Z, and Pierce S. Wildbook for Whale Sharks. version 2014. www.whaleshark.org",Animalia,Chordata,Chondrichthyes,Orectolobiformes,Rhincodontidae,,,2015,3,21,2015,3,21,,Red Sea,,,male,,,R-074,RedSea-ShibHabil,michael.berumen@kaust.edu.sa
1/19/2017,WILDME,RhincodonTypus,569afca1-2bba-4698-b6e4-34b3989cb910,http://www.whaleshark.org/encounters/encounter.jsp?number=569afca1-2bba-4698-b6e4-34b3989cb910,,P,"Holmberg J, Arzoumanian Z, and Pierce S. Wildbook for Whale Sharks. version 2014. www.whaleshark.org",Animalia,Chordata,Chondrichthyes,Orectolobiformes,Rhincodontidae,,,2015,3,20,2015,3,20,,Red Sea,,,male,,,R-074,RedSea-ShibHabil,michael.berumen@kaust.edu.sa
1/23/2017,WILDME,RhincodonTypus,638fceb8-346e-4dd1-b49f-c2fc0090b29c,http://www.whaleshark.org/encounters/encounter.jsp?number=638fceb8-346e-4dd1-b49f-c2fc0090b29c,,P,"Holmberg J, Arzoumanian Z, and Pierce S. Wildbook for Whale Sharks. version 2014. www.whaleshark.org",Animalia,Chordata,Chondrichthyes,Orectolobiformes,Rhincodontidae,,,2015,3,20,2015,3,20,,Red Sea,,,female,,,R-145,RedSea-ShibHabil,michael.berumen@kaust.edu.sa
1/23/2017,WILDME,RhincodonTypus,5c11074a-187e-4ec2-b870-a6f7c9eb4962,http://www.whaleshark.org/encounters/encounter.jsp?number=5c11074a-187e-4ec2-b870-a6f7c9eb4962,,P,"Holmberg J, Arzoumanian Z, and Pierce S. Wildbook for Whale Sharks. version 2014. www.whaleshark.org",Animalia,Chordata,Chondrichthyes,Orectolobiformes,Rhincodontidae,,,2015,3,20,2015,3,20,,Red Sea,,,female,,,R-140,RedSea-ShibHabil,michael.berumen@kaust.edu.sa
1/23/2017,WILDME,RhincodonTypus,56374114-ece8-4c53-b8d2-04d96b6a975e,http://www.whaleshark.org/encounters/encounter.jsp?number=56374114-ece8-4c53-b8d2-04d96b6a975e,,P,"Holmberg J, Arzoumanian Z, and Pierce S. Wildbook for Whale Sharks. version 2014. www.whaleshark.org",Animalia,Chordata,Chondrichthyes,Orectolobiformes,Rhincodontidae,,,2015,3,20,2015,3,20,,Red Sea,,,male,,,R-146,RedSea-ShibHabil,michael.berumen@kaust.edu.sa
1/20/2017,WILDME,RhincodonTypus,0e664dfa-8866-461e-9b5a-ec5f72901d34,http://www.whaleshark.org/encounters/encounter.jsp?number=0e664dfa-8866-461e-9b5a-ec5f72901d34,,P,"Holmberg J, Arzoumanian Z, and Pierce S. Wildbook for Whale Sharks. version 2014. www.whaleshark.org",Animalia,Chordata,Chondrichthyes,Orectolobiformes,Rhincodontidae,,,2015,3,20,2015,3,20,,Red Sea,,,,,,R-126,RedSea-ShibHabil,michael.berumen@kaust.edu.sa
10/18/2017,WILDME,RhincodonTypus,0343837b-6258-42ba-b8d5-5c106de49d39,http://www.whaleshark.org/encounters/encounter.jsp?number=0343837b-6258-42ba-b8d5-5c106de49d39,,P,"Holmberg J, Arzoumanian Z, and Pierce S. Wildbook for Whale Sharks. version 2014. www.whaleshark.org",Animalia,Chordata,Chondrichthyes,Orectolobiformes,Rhincodontidae,,,2014,12,3,2014,12,3,,Al Lith,,,,,,,RedSea-ShibHabil,"jennie.korus@gmail,com"
1/18/2017,WILDME,RhincodonTypus,925e12ac-75bb-427f-a9e2-3c3de38e4bea,http://www.whaleshark.org/encounters/encounter.jsp?number=925e12ac-75bb-427f-a9e2-3c3de38e4bea,,P,"Holmberg J, Arzoumanian Z, and Pierce S. Wildbook for Whale Sharks. version 2014. www.whaleshark.org",Animalia,Chordata,Chondrichthyes,Orectolobiformes,Rhincodontidae,,,2014,4,20,2014,4,20,,Red Sea,,,male,,,R-113,RedSea-ShibHabil,michael.berumen@kaust.edu.sa
1/19/2017,WILDME,RhincodonTypus,5c6b88e9-0501-4b7d-9bfd-88256e484737,http://www.whaleshark.org/encounters/encounter.jsp?number=5c6b88e9-0501-4b7d-9bfd-88256e484737,,P,"Holmberg J, Arzoumanian Z, and Pierce S. Wildbook for Whale Sharks. version 2014. www.whaleshark.org",Animalia,Chordata,Chondrichthyes,Orectolobiformes,Rhincodontidae,,,2014,4,20,2014,4,20,,Red Sea,,,,,,R-120,RedSea-ShibHabil,michael.berumen@kaust.edu.sa
1/19/2017,WILDME,RhincodonTypus,764c69a3-99f6-4e49-8e88-5e7196c342e8,http://www.whaleshark.org/encounters/encounter.jsp?number=764c69a3-99f6-4e49-8e88-5e7196c342e8,,P,"Holmberg J, Arzoumanian Z, and Pierce S. Wildbook for Whale Sharks. version 2014. www.whaleshark.org",Animalia,Chordata,Chondrichthyes,Orectolobiformes,Rhincodontidae,,,2014,4,19,2014,4,19,,Red Sea,,,,,,R-122,RedSea-ShibHabil,michael.berumen@kaust.edu.sa
1/19/2017,WILDME,RhincodonTypus,dc6bcdb7-2e15-414a-8a63-091f2224b98d,http://www.whaleshark.org/encounters/encounter.jsp?number=dc6bcdb7-2e15-414a-8a63-091f2224b98d,,P,"Holmberg J, Arzoumanian Z, and Pierce S. Wildbook for Whale Sharks. version 2014. www.whaleshark.org",Animalia,Chordata,Chondrichthyes,Orectolobiformes,Rhincodontidae,,,2014,4,18,2014,4,18,,Red Sea,,,male,,,R-119,RedSea-ShibHabil,michael.berumen@kaust.edu.sa
10/24/2016,WILDME,RhincodonTypus,7026464a-b190-43c9-8673-1e8f986208f1,http://www.whaleshark.org/encounters/encounter.jsp?number=7026464a-b190-43c9-8673-1e8f986208f1,,P,"Holmberg J, Arzoumanian Z, and Pierce S. Wildbook for Whale Sharks. version 2014. www.whaleshark.org",Animalia,Chordata,Chondrichthyes,Orectolobiformes,Rhincodontidae,,,2014,4,18,2014,4,18,,Red Sea,,,male,,,R-074,RedSea-ShibHabil,michael.berumen@kaust.edu.sa
1/17/2017,WILDME,RhincodonTypus,6e2396f6-19e3-4f49-85b9-8aca414a297b,http://www.whaleshark.org/encounters/encounter.jsp?number=6e2396f6-19e3-4f49-85b9-8aca414a297b,,P,"Holmberg J, Arzoumanian Z, and Pierce S. Wildbook for Whale Sharks. version 2014. www.whaleshark.org",Animalia,Chordata,Chondrichthyes,Orectolobiformes,Rhincodontidae,,,2014,4,17,2014,4,17,,Red Sea,,,male,,,R-098,RedSea-ShibHabil,michael.berumen@kaust.edu.sa
1/17/2017,WILDME,RhincodonTypus,235097dd-3081-44f6-a851-99d06b201957,http://www.whaleshark.org/encounters/encounter.jsp?number=235097dd-3081-44f6-a851-99d06b201957,,P,"Holmberg J, Arzoumanian Z, and Pierce S. Wildbook for Whale Sharks. version 2014. www.whaleshark.org",Animalia,Chordata,Chondrichthyes,Orectolobiformes,Rhincodontidae,,,2014,4,12,2014,4,12,,Red Sea,,,,,,DJ-109,RedSea-ShibHabil,michael.berumen@kaust.edu.sa
1/18/2017,WILDME,RhincodonTypus,21a21b1f-d74f-4998-8250-e8db1f51661d,http://www.whaleshark.org/encounters/encounter.jsp?number=21a21b1f-d74f-4998-8250-e8db1f51661d,,P,"Holmberg J, Arzoumanian Z, and Pierce S. Wildbook for Whale Sharks. version 2014. www.whaleshark.org",Animalia,Chordata,Chondrichthyes,Orectolobiformes,Rhincodontidae,,,2014,4,6,2014,4,6,,Red Sea,,,,,,R-112,RedSea-ShibHabil,michael.berumen@kaust.edu.sa
1/18/2017,WILDME,RhincodonTypus,6f34aa88-f646-49d0-b0b4-686c4f7a37c9,http://www.whaleshark.org/encounters/encounter.jsp?number=6f34aa88-f646-49d0-b0b4-686c4f7a37c9,,P,"Holmberg J, Arzoumanian Z, and Pierce S. Wildbook for Whale Sharks. version 2014. www.whaleshark.org",Animalia,Chordata,Chondrichthyes,Orectolobiformes,Rhincodontidae,,,2014,4,6,2014,4,6,,Red Sea,,,male,,,R-111,RedSea-ShibHabil,michael.berumen@kaust.edu.sa
1/17/2017,WILDME,RhincodonTypus,e5f05b7c-72e7-4f0f-82db-dab1a97e035b,http://www.whaleshark.org/encounters/encounter.jsp?number=e5f05b7c-72e7-4f0f-82db-dab1a97e035b,,P,"Holmberg J, Arzoumanian Z, and Pierce S. Wildbook for Whale Sharks. version 2014. www.whaleshark.org",Animalia,Chordata,Chondrichthyes,Orectolobiformes,Rhincodontidae,,,2014,4,4,2014,4,4,,Red Sea,,,male,,,R-098,RedSea-ShibHabil,michael.berumen@kaust.edu.sa
1/23/2017,WILDME,RhincodonTypus,d6370ff9-2a31-442e-a3ad-12659c185db9,http://www.whaleshark.org/encounters/encounter.jsp?number=d6370ff9-2a31-442e-a3ad-12659c185db9,,P,"Holmberg J, Arzoumanian Z, and Pierce S. Wildbook for Whale Sharks. version 2014. www.whaleshark.org",Animalia,Chordata,Chondrichthyes,Orectolobiformes,Rhincodontidae,,,2013,5,2,2013,5,2,,Red Sea,,,female,,,R-160,RedSea-ShibHabil,michael.berumen@kaust.edu.sa
1/23/2017,WILDME,RhincodonTypus,6f38f4eb-b289-4bb4-9617-33b65c1d9961,http://www.whaleshark.org/encounters/encounter.jsp?number=6f38f4eb-b289-4bb4-9617-33b65c1d9961,,P,"Holmberg J, Arzoumanian Z, and Pierce S. Wildbook for Whale Sharks. version 2014. www.whaleshark.org",Animalia,Chordata,Chondrichthyes,Orectolobiformes,Rhincodontidae,,,2013,5,2,2013,5,2,,Red Sea,,,,,,R-154,RedSea-ShibHabil,michael.berumen@kaust.edu.sa
1/23/2017,WILDME,RhincodonTypus,05264cc3-a88b-48d8-aaf4-4f7b48c3ba77,http://www.whaleshark.org/encounters/encounter.jsp?number=05264cc3-a88b-48d8-aaf4-4f7b48c3ba77,,P,"Holmberg J, Arzoumanian Z, and Pierce S. Wildbook for Whale Sharks. version 2014. www.whaleshark.org",Animalia,Chordata,Chondrichthyes,Orectolobiformes,Rhincodontidae,,,2013,4,25,2013,4,25,,Red Sea,,,,,,R-155,RedSea-ShibHabil,michael.berumen@kaust.edu.sa
1/23/2017,WILDME,RhincodonTypus,8b0b8bb7-79b6-425e-9b45-7fe24ec66b95,http://www.whaleshark.org/encounters/encounter.jsp?number=8b0b8bb7-79b6-425e-9b45-7fe24ec66b95,,P,"Holmberg J, Arzoumanian Z, and Pierce S. Wildbook for Whale Sharks. version 2014. www.whaleshark.org",Animalia,Chordata,Chondrichthyes,Orectolobiformes,Rhincodontidae,,,2013,4,25,2013,4,25,,Red Sea,,,,,,R-156,RedSea-ShibHabil,michael.berumen@kaust.edu.sa
1/23/2017,WILDME,RhincodonTypus,73b6b45b-9597-441a-b864-4355dc277c6c,http://www.whaleshark.org/encounters/encounter.jsp?number=73b6b45b-9597-441a-b864-4355dc277c6c,,P,"Holmberg J, Arzoumanian Z, and Pierce S. Wildbook for Whale Sharks. version 2014. www.whaleshark.org",Animalia,Chordata,Chondrichthyes,Orectolobiformes,Rhincodontidae,,,2013,4,25,2013,4,25,,Red Sea,,,,,,R-153,RedSea-ShibHabil,michael.berumen@kaust.edu.sa
1/23/2017,WILDME,RhincodonTypus,1a30695d-0a0b-43a5-ba0f-97ba7f557d98,http://www.whaleshark.org/encounters/encounter.jsp?number=1a30695d-0a0b-43a5-ba0f-97ba7f557d98,,P,"Holmberg J, Arzoumanian Z, and Pierce S. Wildbook for Whale Sharks. version 2014. www.whaleshark.org",Animalia,Chordata,Chondrichthyes,Orectolobiformes,Rhincodontidae,,,2013,4,17,2013,4,17,,Red Sea,,,female,,,R-158,RedSea-ShibHabil,michael.berumen@kaust.edu.sa
1/23/2017,WILDME,RhincodonTypus,0a076f56-c584-49d1-93d9-b891b612c1c7,http://www.whaleshark.org/encounters/encounter.jsp?number=0a076f56-c584-49d1-93d9-b891b612c1c7,,P,"Holmberg J, Arzoumanian Z, and Pierce S. Wildbook for Whale Sharks. version 2014. www.whaleshark.org",Animalia,Chordata,Chondrichthyes,Orectolobiformes,Rhincodontidae,,,2013,4,17,2013,4,17,,Red Sea,,,female,,,R-157,RedSea-ShibHabil,michael.berumen@kaust.edu.sa
1/23/2017,WILDME,RhincodonTypus,7d40ac13-5bcf-47f2-a6b4-6c2176d18843,http://www.whaleshark.org/encounters/encounter.jsp?number=7d40ac13-5bcf-47f2-a6b4-6c2176d18843,,P,"Holmberg J, Arzoumanian Z, and Pierce S. Wildbook for Whale Sharks. version 2014. www.whaleshark.org",Animalia,Chordata,Chondrichthyes,Orectolobiformes,Rhincodontidae,,,2013,4,4,2013,4,4,,Red Sea,,,male,,,R-159,RedSea-ShibHabil,michael.berumen@kaust.edu.sa
1/22/2017,WILDME,RhincodonTypus,2b64becd-f1a3-4675-8afb-677ed4366d2a,http://www.whaleshark.org/encounters/encounter.jsp?number=2b64becd-f1a3-4675-8afb-677ed4366d2a,,P,"Holmberg J, Arzoumanian Z, and Pierce S. Wildbook for Whale Sharks. version 2014. www.whaleshark.org",Animalia,Chordata,Chondrichthyes,Orectolobiformes,Rhincodontidae,,,2013,4,4,2013,4,4,,Red Sea,,,male,,,R-030,RedSea-ShibHabil,michael.berumen@kaust.edu.sa
1/22/2017,WILDME,RhincodonTypus,362d1aff-71a6-4bdf-b1f7-0d1508665d52,http://www.whaleshark.org/encounters/encounter.jsp?number=362d1aff-71a6-4bdf-b1f7-0d1508665d52,,P,"Holmberg J, Arzoumanian Z, and Pierce S. Wildbook for Whale Sharks. version 2014. www.whaleshark.org",Animalia,Chordata,Chondrichthyes,Orectolobiformes,Rhincodontidae,,,2013,4,4,2013,4,4,,Red Sea,,,female,,,R-133,RedSea-ShibHabil,michael.berumen@kaust.edu.sa
1/23/2017,WILDME,RhincodonTypus,80d92287-91ad-403f-a6cd-79ff985f06b6,http://www.whaleshark.org/encounters/encounter.jsp?number=80d92287-91ad-403f-a6cd-79ff985f06b6,,P,"Holmberg J, Arzoumanian Z, and Pierce S. Wildbook for Whale Sharks. version 2014. www.whaleshark.org",Animalia,Chordata,Chondrichthyes,Orectolobiformes,Rhincodontidae,,,2013,4,4,2013,4,4,,Red Sea,,,female,,,R-152,RedSea-ShibHabil,michael.berumen@kaust.edu.sa
1/22/2017,WILDME,RhincodonTypus,fcf5004f-7a84-4a22-ab87-2533bc530dfe,http://www.whaleshark.org/encounters/encounter.jsp?number=fcf5004f-7a84-4a22-ab87-2533bc530dfe,,P,"Holmberg J, Arzoumanian Z, and Pierce S. Wildbook for Whale Sharks. version 2014. www.whaleshark.org",Animalia,Chordata,Chondrichthyes,Orectolobiformes,Rhincodontidae,,,2013,3,30,2013,3,30,,Red Sea,,,female,,,R-128,RedSea-ShibHabil,michael.berumen@kaust.edu.sa
1/22/2017,WILDME,RhincodonTypus,7c70f6ab-34a5-42aa-961b-655863f36b4b,http://www.whaleshark.org/encounters/encounter.jsp?number=7c70f6ab-34a5-42aa-961b-655863f36b4b,,P,"Holmberg J, Arzoumanian Z, and Pierce S. Wildbook for Whale Sharks. version 2014. www.whaleshark.org",Animalia,Chordata,Chondrichthyes,Orectolobiformes,Rhincodontidae,,,2013,3,30,2013,3,30,,Red Sea,,,male,,,R-132,RedSea-ShibHabil,michael.berumen@kaust.edu.sa
1/22/2017,WILDME,RhincodonTypus,68c5f474-1b4a-4627-a532-508733cadda9,http://www.whaleshark.org/encounters/encounter.jsp?number=68c5f474-1b4a-4627-a532-508733cadda9,,P,"Holmberg J, Arzoumanian Z, and Pierce S. Wildbook for Whale Sharks. version 2014. www.whaleshark.org",Animalia,Chordata,Chondrichthyes,Orectolobiformes,Rhincodontidae,,,2013,3,22,2013,3,22,,Red Sea,,,male,,,R-030,RedSea-ShibHabil,michael.berumen@kaust.edu.sa
1/22/2017,WILDME,RhincodonTypus,986f904f-6a5d-46f7-85b0-5d8c85290301,http://www.whaleshark.org/encounters/encounter.jsp?number=986f904f-6a5d-46f7-85b0-5d8c85290301,,P,"Holmberg J, Arzoumanian Z, and Pierce S. Wildbook for Whale Sharks. version 2014. www.whaleshark.org",Animalia,Chordata,Chondrichthyes,Orectolobiformes,Rhincodontidae,,,2013,3,22,2013,3,22,,Red Sea,,,female,,,R-129,RedSea-ShibHabil,michael.berumen@kaust.edu.sa
1/22/2017,WILDME,RhincodonTypus,36724f86-9288-47b2-8312-e41f443b0187,http://www.whaleshark.org/encounters/encounter.jsp?number=36724f86-9288-47b2-8312-e41f443b0187,,P,"Holmberg J, Arzoumanian Z, and Pierce S. Wildbook for Whale Sharks. version 2014. www.whaleshark.org",Animalia,Chordata,Chondrichthyes,Orectolobiformes,Rhincodontidae,,,2013,3,22,2013,3,22,,Red Sea,,,female,,,R-127,RedSea-ShibHabil,michael.berumen@kaust.edu.sa
1/22/2017,WILDME,RhincodonTypus,1d908bda-b1cb-42c9-9eee-16667542bc9a,http://www.whaleshark.org/encounters/encounter.jsp?number=1d908bda-b1cb-42c9-9eee-16667542bc9a,,P,"Holmberg J, Arzoumanian Z, and Pierce S. Wildbook for Whale Sharks. version 2014. www.whaleshark.org",Animalia,Chordata,Chondrichthyes,Orectolobiformes,Rhincodontidae,,,2013,3,22,2013,3,22,,Red Sea,,,female,,,R-101,RedSea-ShibHabil,michael.berumen@kaust.edu.sa
1/22/2017,WILDME,RhincodonTypus,e467def8-0a0f-4ba9-b1c2-de2f25ae6866,http://www.whaleshark.org/encounters/encounter.jsp?number=e467def8-0a0f-4ba9-b1c2-de2f25ae6866,,P,"Holmberg J, Arzoumanian Z, and Pierce S. Wildbook for Whale Sharks. version 2014. www.whaleshark.org",Animalia,Chordata,Chondrichthyes,Orectolobiformes,Rhincodontidae,,,2013,3,21,2013,3,21,,Red Sea,,,female,,,R-085,RedSea-ShibHabil,michael.berumen@kaust.edu.sa
1/31/2017,WILDME,RhincodonTypus,54b6d553-cee9-45d4-b2ab-716db1e33e45,http://www.whaleshark.org/encounters/encounter.jsp?number=54b6d553-cee9-45d4-b2ab-716db1e33e45,,P,"Holmberg J, Arzoumanian Z, and Pierce S. Wildbook for Whale Sharks. version 2014. www.whaleshark.org",Animalia,Chordata,Chondrichthyes,Orectolobiformes,Rhincodontidae,,,2012,5,4,2012,5,4,,Red Sea,,,,,,R-192,RedSea-ShibHabil,michael.berumen@kaust.edu.sa
1/18/2017,WILDME,RhincodonTypus,11eda4c8-feab-45cb-9acd-a7ba7759d379,http://www.whaleshark.org/encounters/encounter.jsp?number=11eda4c8-feab-45cb-9acd-a7ba7759d379,,P,"Holmberg J, Arzoumanian Z, and Pierce S. Wildbook for Whale Sharks. version 2014. www.whaleshark.org",Animalia,Chordata,Chondrichthyes,Orectolobiformes,Rhincodontidae,,,2012,5,4,2012,5,4,,Red Sea,,,female,,,R-110,RedSea-ShibHabil,michael.berumen@kaust.edu.sa
1/29/2017,WILDME,RhincodonTypus,021501ab-2abd-4dee-b41a-41f388319abe,http://www.whaleshark.org/encounters/encounter.jsp?number=021501ab-2abd-4dee-b41a-41f388319abe,,P,"Holmberg J, Arzoumanian Z, and Pierce S. Wildbook for Whale Sharks. version 2014. www.whaleshark.org",Animalia,Chordata,Chondrichthyes,Orectolobiformes,Rhincodontidae,,,2012,5,4,2012,5,4,,Red Sea,,,female,,,R-189,RedSea-ShibHabil,michael.berumen@kaust.edu.sa
3/21/2017,WILDME,RhincodonTypus,65fb32c9-7f5e-4e5e-a746-f3c9d6ff7e19,http://www.whaleshark.org/encounters/encounter.jsp?number=65fb32c9-7f5e-4e5e-a746-f3c9d6ff7e19,,P,"Holmberg J, Arzoumanian Z, and Pierce S. Wildbook for Whale Sharks. version 2014. www.whaleshark.org",Animalia,Chordata,Chondrichthyes,Orectolobiformes,Rhincodontidae,,,2012,5,3,2012,5,3,,Red Sea,,,,,,R-203,RedSea-ShibHabil,michael.berumen@kaust.edu.sa
1/22/2017,WILDME,RhincodonTypus,2cf14210-0807-40d8-91c0-1f379cd41fbb,http://www.whaleshark.org/encounters/encounter.jsp?number=2cf14210-0807-40d8-91c0-1f379cd41fbb,,P,"Holmberg J, Arzoumanian Z, and Pierce S. Wildbook for Whale Sharks. version 2014. www.whaleshark.org",Animalia,Chordata,Chondrichthyes,Orectolobiformes,Rhincodontidae,,,2012,4,20,2012,4,20,,Red Sea,,,male,,,R-134,RedSea-ShibHabil,michael.berumen@kaust.edu.sa
1/22/2017,WILDME,RhincodonTypus,2b71aba7-3675-48b6-afd5-2a8691a4ed33,http://www.whaleshark.org/encounters/encounter.jsp?number=2b71aba7-3675-48b6-afd5-2a8691a4ed33,,P,"Holmberg J, Arzoumanian Z, and Pierce S. Wildbook for Whale Sharks. version 2014. www.whaleshark.org",Animalia,Chordata,Chondrichthyes,Orectolobiformes,Rhincodontidae,,,2012,4,20,2012,4,20,,Red Sea,,,female,,,R-085,RedSea-ShibHabil,michael.berumen@kaust.edu.sa
1/22/2017,WILDME,RhincodonTypus,dd9f141a-329b-47ab-876d-3299a7011f6c,http://www.whaleshark.org/encounters/encounter.jsp?number=dd9f141a-329b-47ab-876d-3299a7011f6c,,P,"Holmberg J, Arzoumanian Z, and Pierce S. Wildbook for Whale Sharks. version 2014. www.whaleshark.org",Animalia,Chordata,Chondrichthyes,Orectolobiformes,Rhincodontidae,,,2012,4,19,2012,4,19,,Red Sea,,,male,,,R-134,RedSea-ShibHabil,michael.berumen@kaust.edu.sa
1/22/2017,WILDME,RhincodonTypus,d51fe57f-bbf1-44bf-afed-ebe1942bc200,http://www.whaleshark.org/encounters/encounter.jsp?number=d51fe57f-bbf1-44bf-afed-ebe1942bc200,,P,"Holmberg J, Arzoumanian Z, and Pierce S. Wildbook for Whale Sharks. version 2014. www.whaleshark.org",Animalia,Chordata,Chondrichthyes,Orectolobiformes,Rhincodontidae,,,2012,4,19,2012,4,19,,Red Sea,,,,,,R-135,RedSea-ShibHabil,michael.berumen@kaust.edu.sa
1/29/2017,WILDME,RhincodonTypus,b1b05e0b-e89b-4577-8ad2-051df83a6ad0,http://www.whaleshark.org/encounters/encounter.jsp?number=b1b05e0b-e89b-4577-8ad2-051df83a6ad0,,P,"Holmberg J, Arzoumanian Z, and Pierce S. Wildbook for Whale Sharks. version 2014. www.whaleshark.org",Animalia,Chordata,Chondrichthyes,Orectolobiformes,Rhincodontidae,,,2012,4,19,2012,4,19,,Red Sea,,,female,,,R-188,RedSea-ShibHabil,michael.berumen@kaust.edu.sa
3/21/2017,WILDME,RhincodonTypus,52ad1bc2-cf56-441a-8821-bb3290876de5,http://www.whaleshark.org/encounters/encounter.jsp?number=52ad1bc2-cf56-441a-8821-bb3290876de5,,P,"Holmberg J, Arzoumanian Z, and Pierce S. Wildbook for Whale Sharks. version 2014. www.whaleshark.org",Animalia,Chordata,Chondrichthyes,Orectolobiformes,Rhincodontidae,,,2012,4,19,2012,4,19,,Red Sea,,,female,,,R-200,RedSea-ShibHabil,michael.berumen@kaust.edu.sa
1/22/2017,WILDME,RhincodonTypus,4b0b8d81-674a-4249-9bc1-91b4ff5854b6,http://www.whaleshark.org/encounters/encounter.jsp?number=4b0b8d81-674a-4249-9bc1-91b4ff5854b6,,P,"Holmberg J, Arzoumanian Z, and Pierce S. Wildbook for Whale Sharks. version 2014. www.whaleshark.org",Animalia,Chordata,Chondrichthyes,Orectolobiformes,Rhincodontidae,,,2012,3,29,2012,3,29,,Red Sea,,,male,,,R-132,RedSea-ShibHabil,michael.berumen@kaust.edu.sa
1/26/2017,WILDME,RhincodonTypus,e602497d-9b9d-4ff1-adcc-d86b0607d6ed,http://www.whaleshark.org/encounters/encounter.jsp?number=e602497d-9b9d-4ff1-adcc-d86b0607d6ed,,P,"Holmberg J, Arzoumanian Z, and Pierce S. Wildbook for Whale Sharks. version 2014. www.whaleshark.org",Animalia,Chordata,Chondrichthyes,Orectolobiformes,Rhincodontidae,,,2012,3,23,2012,3,23,,Red Sea,,,female,,,R-089,RedSea-ShibHabil,michael.berumen@kaust.edu.sa
1/29/2017,WILDME,RhincodonTypus,a546e432-148e-4d36-9efd-da0cd83eea3f,http://www.whaleshark.org/encounters/encounter.jsp?number=a546e432-148e-4d36-9efd-da0cd83eea3f,,P,"Holmberg J, Arzoumanian Z, and Pierce S. Wildbook for Whale Sharks. version 2014. www.whaleshark.org",Animalia,Chordata,Chondrichthyes,Orectolobiformes,Rhincodontidae,,,2012,3,16,2012,3,16,,Red Sea,,,female,,,R-089,RedSea-ShibHabil,michael.berumen@kaust.edu.sa
3/21/2017,WILDME,RhincodonTypus,f3cdeb97-a7b4-492c-b316-596a8ff4f184,http://www.whaleshark.org/encounters/encounter.jsp?number=f3cdeb97-a7b4-492c-b316-596a8ff4f184,,P,"Holmberg J, Arzoumanian Z, and Pierce S. Wildbook for Whale Sharks. version 2014. www.whaleshark.org",Animalia,Chordata,Chondrichthyes,Orectolobiformes,Rhincodontidae,,,2012,3,16,2012,3,16,,Red Sea,,,male,,,R-196,RedSea-ShibHabil,michael.berumen@kaust.edu.sa
3/21/2017,WILDME,RhincodonTypus,b2b33a98-1ed9-47e2-a5c2-0da55bb5b28a,http://www.whaleshark.org/encounters/encounter.jsp?number=b2b33a98-1ed9-47e2-a5c2-0da55bb5b28a,,P,"Holmberg J, Arzoumanian Z, and Pierce S. Wildbook for Whale Sharks. version 2014. www.whaleshark.org",Animalia,Chordata,Chondrichthyes,Orectolobiformes,Rhincodontidae,,,2012,3,16,2012,3,16,,Red Sea,,,male,,,R-198,RedSea-ShibHabil,michael.berumen@kaust.edu.sa
1/31/2017,WILDME,RhincodonTypus,0d1be72e-a57c-4d55-a842-f0458d048910,http://www.whaleshark.org/encounters/encounter.jsp?number=0d1be72e-a57c-4d55-a842-f0458d048910,,P,"Holmberg J, Arzoumanian Z, and Pierce S. Wildbook for Whale Sharks. version 2014. www.whaleshark.org",Animalia,Chordata,Chondrichthyes,Orectolobiformes,Rhincodontidae,,,2012,3,16,2012,3,16,,Red Sea,,,female,,,R-191,RedSea-ShibHabil,michael.berumen@kaust.edu.sa
3/21/2017,WILDME,RhincodonTypus,006ea042-74ac-4427-ab75-e11110a4f69d,http://www.whaleshark.org/encounters/encounter.jsp?number=006ea042-74ac-4427-ab75-e11110a4f69d,,P,"Holmberg J, Arzoumanian Z, and Pierce S. Wildbook for Whale Sharks. version 2014. www.whaleshark.org",Animalia,Chordata,Chondrichthyes,Orectolobiformes,Rhincodontidae,,,2011,4,27,2011,4,27,,Shib Habil,,,,,,R-195,RedSea-ShibHabil,michael.berumen@kaust.edu.sa
2/18/2017,WILDME,RhincodonTypus,b44ef749-ce13-40fe-8553-e434330f1285,http://www.whaleshark.org/encounters/encounter.jsp?number=b44ef749-ce13-40fe-8553-e434330f1285,,P,"Holmberg J, Arzoumanian Z, and Pierce S. Wildbook for Whale Sharks. version 2014. www.whaleshark.org",Animalia,Chordata,Chondrichthyes,Orectolobiformes,Rhincodontidae,,,2011,4,27,2011,4,27,0:00,,,,female,,,R-194,RedSea-ShibHabil,michael.berumen@kaust.edu.sa
1/22/2017,WILDME,RhincodonTypus,2571bf78-f273-4fac-a684-6bd7d49e878c,http://www.whaleshark.org/encounters/encounter.jsp?number=2571bf78-f273-4fac-a684-6bd7d49e878c,,P,"Holmberg J, Arzoumanian Z, and Pierce S. Wildbook for Whale Sharks. version 2014. www.whaleshark.org",Animalia,Chordata,Chondrichthyes,Orectolobiformes,Rhincodontidae,,,2011,4,27,2011,4,27,,Shib Habil,,,,,,R-092,RedSea-ShibHabil,michael.berumen@kaust.edu.sa
1/29/2017,WILDME,RhincodonTypus,e7d527ba-a387-45fd-883d-d8bc4828dd11,http://www.whaleshark.org/encounters/encounter.jsp?number=e7d527ba-a387-45fd-883d-d8bc4828dd11,,P,"Holmberg J, Arzoumanian Z, and Pierce S. Wildbook for Whale Sharks. version 2014. www.whaleshark.org",Animalia,Chordata,Chondrichthyes,Orectolobiformes,Rhincodontidae,,,2011,4,26,2011,4,26,,Shib Habil,,,female,,,R-092,RedSea-ShibHabil,michael.berumen@kaust.edu.sa
2/18/2017,WILDME,RhincodonTypus,e1ec216e-829b-48b7-9ac6-7266ddb22778,http://www.whaleshark.org/encounters/encounter.jsp?number=e1ec216e-829b-48b7-9ac6-7266ddb22778,,P,"Holmberg J, Arzoumanian Z, and Pierce S. Wildbook for Whale Sharks. version 2014. www.whaleshark.org",Animalia,Chordata,Chondrichthyes,Orectolobiformes,Rhincodontidae,,,2011,4,26,2011,4,26,,,,,female,,,R-193,RedSea-ShibHabil,michael.berumen@kaust.edu.sa
2/20/2017,WILDME,RhincodonTypus,70745dcc-0f50-4459-a1a6-ce87fe3a4da7,http://www.whaleshark.org/encounters/encounter.jsp?number=70745dcc-0f50-4459-a1a6-ce87fe3a4da7,,P,"Holmberg J, Arzoumanian Z, and Pierce S. Wildbook for Whale Sharks. version 2014. www.whaleshark.org",Animalia,Chordata,Chondrichthyes,Orectolobiformes,Rhincodontidae,,,2011,4,22,2011,4,22,,Shib Habil,,,male,,,R-037,RedSea-ShibHabil,michael.berumen@kaust.edu.sa
1/22/2017,WILDME,RhincodonTypus,a58db5eb-b469-41c3-b073-c70f5617a4c4,http://www.whaleshark.org/encounters/encounter.jsp?number=a58db5eb-b469-41c3-b073-c70f5617a4c4,,P,"Holmberg J, Arzoumanian Z, and Pierce S. Wildbook for Whale Sharks. version 2014. www.whaleshark.org",Animalia,Chordata,Chondrichthyes,Orectolobiformes,Rhincodontidae,,,2011,4,22,2011,4,22,,Shib Habil,,,female,,,R-092,RedSea-ShibHabil,michael.berumen@kaust.edu.sa
1/29/2017,WILDME,RhincodonTypus,b379962f-ab96-4953-8175-6fb2bdf46364,http://www.whaleshark.org/encounters/encounter.jsp?number=b379962f-ab96-4953-8175-6fb2bdf46364,,P,"Holmberg J, Arzoumanian Z, and Pierce S. Wildbook for Whale Sharks. version 2014. www.whaleshark.org",Animalia,Chordata,Chondrichthyes,Orectolobiformes,Rhincodontidae,,,2011,4,21,2011,4,21,,Shib Habil,,,female,,,R-183,RedSea-ShibHabil,michael.berumen@kaust.edu.sa
1/22/2017,WILDME,RhincodonTypus,b2d014cf-3c3d-41fe-83e9-65b4e1066600,http://www.whaleshark.org/encounters/encounter.jsp?number=b2d014cf-3c3d-41fe-83e9-65b4e1066600,,P,"Holmberg J, Arzoumanian Z, and Pierce S. Wildbook for Whale Sharks. version 2014. www.whaleshark.org",Animalia,Chordata,Chondrichthyes,Orectolobiformes,Rhincodontidae,,,2011,4,20,2011,4,20,,Shib Habil,,,female,,,R-092,RedSea-ShibHabil,michael.berumen@kaust.edu.sa
2/20/2017,WILDME,RhincodonTypus,41c111b2-0447-45b1-8b6d-bf122cbf8f1d,http://www.whaleshark.org/encounters/encounter.jsp?number=41c111b2-0447-45b1-8b6d-bf122cbf8f1d,,P,"Holmberg J, Arzoumanian Z, and Pierce S. Wildbook for Whale Sharks. version 2014. www.whaleshark.org",Animalia,Chordata,Chondrichthyes,Orectolobiformes,Rhincodontidae,,,2011,4,20,2011,4,20,,Shib Habil,,,male,,,R-197,RedSea-ShibHabil,michael.berumen@kaust.edu.sa
1/20/2017,WILDME,RhincodonTypus,5505dd97-da5f-40da-8d96-c9d237b3447b,http://www.whaleshark.org/encounters/encounter.jsp?number=5505dd97-da5f-40da-8d96-c9d237b3447b,,P,"Holmberg J, Arzoumanian Z, and Pierce S. Wildbook for Whale Sharks. version 2014. www.whaleshark.org",Animalia,Chordata,Chondrichthyes,Orectolobiformes,Rhincodontidae,,,2011,4,20,2011,4,20,,Shib Habil,,,male,,,R-036,RedSea-ShibHabil,michael.berumen@kaust.edu.sa
1/29/2017,WILDME,RhincodonTypus,0aa16129-ae61-4f43-8a95-2975923a2b14,http://www.whaleshark.org/encounters/encounter.jsp?number=0aa16129-ae61-4f43-8a95-2975923a2b14,,P,"Holmberg J, Arzoumanian Z, and Pierce S. Wildbook for Whale Sharks. version 2014. www.whaleshark.org",Animalia,Chordata,Chondrichthyes,Orectolobiformes,Rhincodontidae,,,2011,4,20,2011,4,20,,Shib Habil,,,female,,,R-182,RedSea-ShibHabil,michael.berumen@kaust.edu.sa
1/22/2017,WILDME,RhincodonTypus,fce10f22-337d-4373-b49e-d192049e5cee,http://www.whaleshark.org/encounters/encounter.jsp?number=fce10f22-337d-4373-b49e-d192049e5cee,,P,"Holmberg J, Arzoumanian Z, and Pierce S. Wildbook for Whale Sharks. version 2014. www.whaleshark.org",Animalia,Chordata,Chondrichthyes,Orectolobiformes,Rhincodontidae,,,2011,4,20,2011,4,20,,Shib Habil,,,female,,,R-129,RedSea-ShibHabil,michael.berumen@kaust.edu.sa
1/20/2017,WILDME,RhincodonTypus,f17c5e9f-4036-4786-8167-c4729d6bc9a9,http://www.whaleshark.org/encounters/encounter.jsp?number=f17c5e9f-4036-4786-8167-c4729d6bc9a9,,P,"Holmberg J, Arzoumanian Z, and Pierce S. Wildbook for Whale Sharks. version 2014. www.whaleshark.org",Animalia,Chordata,Chondrichthyes,Orectolobiformes,Rhincodontidae,,,2011,4,17,2011,4,17,,Shib Habil,,,male,,,R-036,RedSea-ShibHabil,michael.berumen@kaust.edu.sa
1/29/2017,WILDME,RhincodonTypus,ab1c5b0a-b9c8-449b-993d-d21f5a2b853f,http://www.whaleshark.org/encounters/encounter.jsp?number=ab1c5b0a-b9c8-449b-993d-d21f5a2b853f,,P,"Holmberg J, Arzoumanian Z, and Pierce S. Wildbook for Whale Sharks. version 2014. www.whaleshark.org",Animalia,Chordata,Chondrichthyes,Orectolobiformes,Rhincodontidae,,,2011,4,17,2011,4,17,0:00,,,,male,,,R-184,RedSea-ShibHabil,michael.berumen@kaust.edu.sa
4/4/2017,WILDME,RhincodonTypus,ddb627f1-750c-4726-877b-758dd53bbf69,http://www.whaleshark.org/encounters/encounter.jsp?number=ddb627f1-750c-4726-877b-758dd53bbf69,,P,"Holmberg J, Arzoumanian Z, and Pierce S. Wildbook for Whale Sharks. version 2014. www.whaleshark.org",Animalia,Chordata,Chondrichthyes,Orectolobiformes,Rhincodontidae,,,2011,4,17,2011,4,17,18:03,Shib Habil,,,female,,,R-199,RedSea-ShibHabil,royale.hardenstine@kaust.edu.sa
8/3/2016,WILDME,RhincodonTypus,8597343c-6330-487f-977d-d4e5d4abd7a0,http://www.whaleshark.org/encounters/encounter.jsp?number=8597343c-6330-487f-977d-d4e5d4abd7a0,,P,"Holmberg J, Arzoumanian Z, and Pierce S. Wildbook for Whale Sharks. version 2014. www.whaleshark.org",Animalia,Chordata,Chondrichthyes,Orectolobiformes,Rhincodontidae,,,2011,4,16,2011,4,16,,Shib Habil,,,female,,,R-058,RedSea-ShibHabil,michael.berumen@kaust.edu.sa
1/17/2017,WILDME,RhincodonTypus,1b777157-a8b2-4f64-9d0d-ff6f55f088f5,http://www.whaleshark.org/encounters/encounter.jsp?number=1b777157-a8b2-4f64-9d0d-ff6f55f088f5,,P,"Holmberg J, Arzoumanian Z, and Pierce S. Wildbook for Whale Sharks. version 2014. www.whaleshark.org",Animalia,Chordata,Chondrichthyes,Orectolobiformes,Rhincodontidae,,,2011,4,15,2011,4,15,,Shib Habil,,,male,,,R-098,RedSea-ShibHabil,michael.berumen@kaust.edu.sa
1/18/2017,WILDME,RhincodonTypus,01a24c66-e02f-46ff-bf82-6cd11417a47a,http://www.whaleshark.org/encounters/encounter.jsp?number=01a24c66-e02f-46ff-bf82-6cd11417a47a,,P,"Holmberg J, Arzoumanian Z, and Pierce S. Wildbook for Whale Sharks. version 2014. www.whaleshark.org",Animalia,Chordata,Chondrichthyes,Orectolobiformes,Rhincodontidae,,,2011,4,15,2011,4,15,,Shib Habil,,,male,,,R-102,RedSea-ShibHabil,michael.berumen@kaust.edu.sa
2/6/2016,WILDME,RhincodonTypus,a6ecafa8-74b4-464c-9ab2-6439b1e45aa3,http://www.whaleshark.org/encounters/encounter.jsp?number=a6ecafa8-74b4-464c-9ab2-6439b1e45aa3,,P,"Holmberg J, Arzoumanian Z, and Pierce S. Wildbook for Whale Sharks. version 2014. www.whaleshark.org",Animalia,Chordata,Chondrichthyes,Orectolobiformes,Rhincodontidae,,,2011,4,15,2011,4,15,,Shib Habil,,,,,,,RedSea-ShibHabil,michael.berumen@kaust.edu.sa
1/29/2017,WILDME,RhincodonTypus,07ed47cd-41b5-41ac-8579-76798bdb1a6c,http://www.whaleshark.org/encounters/encounter.jsp?number=07ed47cd-41b5-41ac-8579-76798bdb1a6c,,P,"Holmberg J, Arzoumanian Z, and Pierce S. Wildbook for Whale Sharks. version 2014. www.whaleshark.org",Animalia,Chordata,Chondrichthyes,Orectolobiformes,Rhincodontidae,,,2011,4,15,2011,4,15,,Shib Habil,,,male,,,R-184,RedSea-ShibHabil,michael.berumen@kaust.edu.sa
1/27/2017,WILDME,RhincodonTypus,94f8ca4f-44fa-4ff2-955a-b36dd6ea7b2e,http://www.whaleshark.org/encounters/encounter.jsp?number=94f8ca4f-44fa-4ff2-955a-b36dd6ea7b2e,,P,"Holmberg J, Arzoumanian Z, and Pierce S. Wildbook for Whale Sharks. version 2014. www.whaleshark.org",Animalia,Chordata,Chondrichthyes,Orectolobiformes,Rhincodontidae,,,2011,4,15,2011,4,15,,Shib Habil,,,male,,,R-070,RedSea-ShibHabil,michael.berumen@kaust.edu.sa
3/26/2017,WILDME,RhincodonTypus,623f485e-1ada-4cb9-99b2-795489dd72a3,http://www.whaleshark.org/encounters/encounter.jsp?number=623f485e-1ada-4cb9-99b2-795489dd72a3,,P,"Holmberg J, Arzoumanian Z, and Pierce S. Wildbook for Whale Sharks. version 2014. www.whaleshark.org",Animalia,Chordata,Chondrichthyes,Orectolobiformes,Rhincodontidae,,,2011,4,14,2011,4,14,16:57,Shib Habil,,,female,,,,RedSea-ShibHabil,royale.hardenstine@kaust.edu.sa
1/29/2017,WILDME,RhincodonTypus,84b9ce90-e6cf-47ae-b854-6be9fbacd11a,http://www.whaleshark.org/encounters/encounter.jsp?number=84b9ce90-e6cf-47ae-b854-6be9fbacd11a,,P,"Holmberg J, Arzoumanian Z, and Pierce S. Wildbook for Whale Sharks. version 2014. www.whaleshark.org",Animalia,Chordata,Chondrichthyes,Orectolobiformes,Rhincodontidae,,,2011,4,14,2011,4,14,,Shib Habil,,,female,,,R-186,RedSea-ShibHabil,michael.berumen@kaust.edu.sa
1/14/2017,WILDME,RhincodonTypus,7fbaeccd-a29b-4321-b70e-d2365b7307fa,http://www.whaleshark.org/encounters/encounter.jsp?number=7fbaeccd-a29b-4321-b70e-d2365b7307fa,,P,"Holmberg J, Arzoumanian Z, and Pierce S. Wildbook for Whale Sharks. version 2014. www.whaleshark.org",Animalia,Chordata,Chondrichthyes,Orectolobiformes,Rhincodontidae,,,2011,4,14,2011,4,14,,Shib Habil,,,male,,,R-098,RedSea-ShibHabil,michael.berumen@kaust.edu.sa
1/29/2017,WILDME,RhincodonTypus,2332b1c2-da06-4358-b67e-720c408ad154,http://www.whaleshark.org/encounters/encounter.jsp?number=2332b1c2-da06-4358-b67e-720c408ad154,,P,"Holmberg J, Arzoumanian Z, and Pierce S. Wildbook for Whale Sharks. version 2014. www.whaleshark.org",Animalia,Chordata,Chondrichthyes,Orectolobiformes,Rhincodontidae,,,2011,4,14,2011,4,14,,Shib Habil,,,,,,R-187,RedSea-ShibHabil,michael.berumen@kaust.edu.sa
1/29/2017,WILDME,RhincodonTypus,7f425d09-04e7-4c6a-bd3c-ccbe4e6a1d7f,http://www.whaleshark.org/encounters/encounter.jsp?number=7f425d09-04e7-4c6a-bd3c-ccbe4e6a1d7f,,P,"Holmberg J, Arzoumanian Z, and Pierce S. Wildbook for Whale Sharks. version 2014. www.whaleshark.org",Animalia,Chordata,Chondrichthyes,Orectolobiformes,Rhincodontidae,,,2011,4,14,2011,4,14,,Shib Habil,,,male,,,R-185,RedSea-ShibHabil,michael.berumen@kaust.edu.sa
1/30/2017,WILDME,RhincodonTypus,83cdf6d5-6b67-406d-bdec-a1d4314e7202,http://www.whaleshark.org/encounters/encounter.jsp?number=83cdf6d5-6b67-406d-bdec-a1d4314e7202,,P,"Holmberg J, Arzoumanian Z, and Pierce S. Wildbook for Whale Sharks. version 2014. www.whaleshark.org",Animalia,Chordata,Chondrichthyes,Orectolobiformes,Rhincodontidae,,,2011,4,13,2011,4,13,,Shib Habil,,,,,,R-098,RedSea-ShibHabil,michael.berumen@kaust.edu.sa
1/29/2017,WILDME,RhincodonTypus,3e23eec6-6012-4ec2-a02a-3ad281c93b1a,http://www.whaleshark.org/encounters/encounter.jsp?number=3e23eec6-6012-4ec2-a02a-3ad281c93b1a,,P,"Holmberg J, Arzoumanian Z, and Pierce S. Wildbook for Whale Sharks. version 2014. www.whaleshark.org",Animalia,Chordata,Chondrichthyes,Orectolobiformes,Rhincodontidae,,,2011,4,13,2011,4,13,,Shib Habil,,,male,,,R-184,RedSea-ShibHabil,michael.berumen@kaust.edu.sa
2/18/2017,WILDME,RhincodonTypus,2768a6af-204c-4094-9ce2-ccb8bbaeecbb,http://www.whaleshark.org/encounters/encounter.jsp?number=2768a6af-204c-4094-9ce2-ccb8bbaeecbb,,P,"Holmberg J, Arzoumanian Z, and Pierce S. Wildbook for Whale Sharks. version 2014. www.whaleshark.org",Animalia,Chordata,Chondrichthyes,Orectolobiformes,Rhincodontidae,,,2011,4,5,2011,4,5,,Shib Habil,,,male,,,R-070,RedSea-ShibHabil,michael.berumen@kaust.edu.sa
1/29/2017,WILDME,RhincodonTypus,67c00264-b964-4015-9218-55a0373af1fe,http://www.whaleshark.org/encounters/encounter.jsp?number=67c00264-b964-4015-9218-55a0373af1fe,,P,"Holmberg J, Arzoumanian Z, and Pierce S. Wildbook for Whale Sharks. version 2014. www.whaleshark.org",Animalia,Chordata,Chondrichthyes,Orectolobiformes,Rhincodontidae,,,2011,4,5,2011,4,5,,Shib Habil,,,male,,,R-037,RedSea-ShibHabil,michael.berumen@kaust.edu.sa
2/18/2017,WILDME,RhincodonTypus,bde0342b-1ffe-4026-a0e7-06e03cdf28e2,http://www.whaleshark.org/encounters/encounter.jsp?number=bde0342b-1ffe-4026-a0e7-06e03cdf28e2,,P,"Holmberg J, Arzoumanian Z, and Pierce S. Wildbook for Whale Sharks. version 2014. www.whaleshark.org",Animalia,Chordata,Chondrichthyes,Orectolobiformes,Rhincodontidae,,,2011,4,5,2011,4,5,,Shib Habil,,,female,tags allowed for match,,R-084,RedSea-ShibHabil,michael.berumen@kaust.edu.sa
1/27/2017,WILDME,RhincodonTypus,af69c584-9072-4538-882a-de4ec43d896f,http://www.whaleshark.org/encounters/encounter.jsp?number=af69c584-9072-4538-882a-de4ec43d896f,,P,"Holmberg J, Arzoumanian Z, and Pierce S. Wildbook for Whale Sharks. version 2014. www.whaleshark.org",Animalia,Chordata,Chondrichthyes,Orectolobiformes,Rhincodontidae,,,2011,3,30,2011,3,30,,Shib Habil,,,male,,,R-070,RedSea-ShibHabil,michael.berumen@kaust.edu.sa
1/18/2017,WILDME,RhincodonTypus,7b039feb-886d-485c-94af-feb0ef55ace2,http://www.whaleshark.org/encounters/encounter.jsp?number=7b039feb-886d-485c-94af-feb0ef55ace2,,P,"Holmberg J, Arzoumanian Z, and Pierce S. Wildbook for Whale Sharks. version 2014. www.whaleshark.org",Animalia,Chordata,Chondrichthyes,Orectolobiformes,Rhincodontidae,,,2010,5,12,2010,5,12,,Shib Habil,,,female,,,R-042,RedSea-ShibHabil,michael.berumen@kaust.edu.sa
1/18/2017,WILDME,RhincodonTypus,9c5b8f0f-9b8e-4cdf-aaf6-f31b52ffd7a1,http://www.whaleshark.org/encounters/encounter.jsp?number=9c5b8f0f-9b8e-4cdf-aaf6-f31b52ffd7a1,,P,"Holmberg J, Arzoumanian Z, and Pierce S. Wildbook for Whale Sharks. version 2014. www.whaleshark.org",Animalia,Chordata,Chondrichthyes,Orectolobiformes,Rhincodontidae,,,2010,5,12,2010,5,12,,Shib Habil,,,male,,,R-090,RedSea-ShibHabil,michael.berumen@kaust.edu.sa
1/27/2017,WILDME,RhincodonTypus,861dcc8b-de2b-43b8-ae37-159b8874ed67,http://www.whaleshark.org/encounters/encounter.jsp?number=861dcc8b-de2b-43b8-ae37-159b8874ed67,,P,"Holmberg J, Arzoumanian Z, and Pierce S. Wildbook for Whale Sharks. version 2014. www.whaleshark.org",Animalia,Chordata,Chondrichthyes,Orectolobiformes,Rhincodontidae,,,2010,5,12,2010,5,12,,Shib Habil,,,male,,,R-099,RedSea-ShibHabil,michael.berumen@kaust.edu.sa
1/27/2017,WILDME,RhincodonTypus,2fd0db66-9773-4420-886c-d967c59818b6,http://www.whaleshark.org/encounters/encounter.jsp?number=2fd0db66-9773-4420-886c-d967c59818b6,,P,"Holmberg J, Arzoumanian Z, and Pierce S. Wildbook for Whale Sharks. version 2014. www.whaleshark.org",Animalia,Chordata,Chondrichthyes,Orectolobiformes,Rhincodontidae,,,2010,5,7,2010,5,7,0:00,Shib Habil,,,female,,,R-096,RedSea-ShibHabil,michael.berumen@kaust.edu.sa
1/27/2017,WILDME,RhincodonTypus,7c77d8bc-2f31-4b81-98f6-c471421029f7,http://www.whaleshark.org/encounters/encounter.jsp?number=7c77d8bc-2f31-4b81-98f6-c471421029f7,,P,"Holmberg J, Arzoumanian Z, and Pierce S. Wildbook for Whale Sharks. version 2014. www.whaleshark.org",Animalia,Chordata,Chondrichthyes,Orectolobiformes,Rhincodontidae,,,2010,5,7,2010,5,7,,Shib Habil,,,female,,,R-035,RedSea-ShibHabil,michael.berumen@kaust.edu.sa
1/14/2017,WILDME,RhincodonTypus,9dbe32dd-5262-4393-af5d-c44329030b49,http://www.whaleshark.org/encounters/encounter.jsp?number=9dbe32dd-5262-4393-af5d-c44329030b49,,P,"Holmberg J, Arzoumanian Z, and Pierce S. Wildbook for Whale Sharks. version 2014. www.whaleshark.org",Animalia,Chordata,Chondrichthyes,Orectolobiformes,Rhincodontidae,,,2010,5,7,2010,5,7,,Shib Habil,,,female,,,R-093,RedSea-ShibHabil,michael.berumen@kaust.edu.sa
1/18/2017,WILDME,RhincodonTypus,b1ddff76-34cc-42bd-8c35-21a1bd384d6a,http://www.whaleshark.org/encounters/encounter.jsp?number=b1ddff76-34cc-42bd-8c35-21a1bd384d6a,,P,"Holmberg J, Arzoumanian Z, and Pierce S. Wildbook for Whale Sharks. version 2014. www.whaleshark.org",Animalia,Chordata,Chondrichthyes,Orectolobiformes,Rhincodontidae,,,2010,5,5,2010,5,5,,Shib Habil,,,female,,,R-042,RedSea-ShibHabil,michael.berumen@kaust.edu.sa
1/26/2017,WILDME,RhincodonTypus,fbf3ab93-cf01-4a5d-8b64-c97460d0aa6f,http://www.whaleshark.org/encounters/encounter.jsp?number=fbf3ab93-cf01-4a5d-8b64-c97460d0aa6f,,P,"Holmberg J, Arzoumanian Z, and Pierce S. Wildbook for Whale Sharks. version 2014. www.whaleshark.org",Animalia,Chordata,Chondrichthyes,Orectolobiformes,Rhincodontidae,,,2010,5,4,2010,5,4,,Shib Habil,,,female,,,R-035,RedSea-ShibHabil,michael.berumen@kaust.edu.sa
1/14/2017,WILDME,RhincodonTypus,2e148d71-ef42-4e58-bfd0-c7a6cbc24907,http://www.whaleshark.org/encounters/encounter.jsp?number=2e148d71-ef42-4e58-bfd0-c7a6cbc24907,,P,"Holmberg J, Arzoumanian Z, and Pierce S. Wildbook for Whale Sharks. version 2014. www.whaleshark.org",Animalia,Chordata,Chondrichthyes,Orectolobiformes,Rhincodontidae,,,2010,5,4,2010,5,4,,Shib Habil,,,female,,,R-095,RedSea-ShibHabil,michael.berumen@kaust.edu.sa
1/14/2017,WILDME,RhincodonTypus,f483df6b-ed1a-4788-98c9-7af41c5d0ddd,http://www.whaleshark.org/encounters/encounter.jsp?number=f483df6b-ed1a-4788-98c9-7af41c5d0ddd,,P,"Holmberg J, Arzoumanian Z, and Pierce S. Wildbook for Whale Sharks. version 2014. www.whaleshark.org",Animalia,Chordata,Chondrichthyes,Orectolobiformes,Rhincodontidae,,,2010,5,1,2010,5,1,,Shib Habil,,,male,,,R-099,RedSea-ShibHabil,michael.berumen@kaust.edu.sa
1/20/2017,WILDME,RhincodonTypus,c4013ddd-53f1-4902-b92b-9b9da7237d3d,http://www.whaleshark.org/encounters/encounter.jsp?number=c4013ddd-53f1-4902-b92b-9b9da7237d3d,,P,"Holmberg J, Arzoumanian Z, and Pierce S. Wildbook for Whale Sharks. version 2014. www.whaleshark.org",Animalia,Chordata,Chondrichthyes,Orectolobiformes,Rhincodontidae,,,2010,4,30,2010,4,30,,Shib Habil,,,female,,,R-035,RedSea-ShibHabil,michael.berumen@kaust.edu.sa
1/14/2017,WILDME,RhincodonTypus,7c95d5ea-e476-409b-ab6b-4c824e95c00f,http://www.whaleshark.org/encounters/encounter.jsp?number=7c95d5ea-e476-409b-ab6b-4c824e95c00f,,P,"Holmberg J, Arzoumanian Z, and Pierce S. Wildbook for Whale Sharks. version 2014. www.whaleshark.org",Animalia,Chordata,Chondrichthyes,Orectolobiformes,Rhincodontidae,,,2010,4,28,2010,4,28,,Shib Habil,,,male,,,R-097,RedSea-ShibHabil,michael.berumen@kaust.edu.sa
1/13/2017,WILDME,RhincodonTypus,ffaeb1a2-d0d2-4495-8b73-84aa2607888b,http://www.whaleshark.org/encounters/encounter.jsp?number=ffaeb1a2-d0d2-4495-8b73-84aa2607888b,,P,"Holmberg J, Arzoumanian Z, and Pierce S. Wildbook for Whale Sharks. version 2014. www.whaleshark.org",Animalia,Chordata,Chondrichthyes,Orectolobiformes,Rhincodontidae,,,2010,4,28,2010,4,28,,Shib Habil,,,female,,,R-092,RedSea-ShibHabil,michael.berumen@kaust.edu.sa
1/26/2017,WILDME,RhincodonTypus,b19de102-4e13-4b01-a623-b3e36c2b95da,http://www.whaleshark.org/encounters/encounter.jsp?number=b19de102-4e13-4b01-a623-b3e36c2b95da,,P,"Holmberg J, Arzoumanian Z, and Pierce S. Wildbook for Whale Sharks. version 2014. www.whaleshark.org",Animalia,Chordata,Chondrichthyes,Orectolobiformes,Rhincodontidae,,,2010,4,28,2010,4,28,,Shib Habil,,,female,,,R-038,RedSea-ShibHabil,michael.berumen@kaust.edu.sa
1/26/2017,WILDME,RhincodonTypus,e30ffe9d-c775-4c04-9d1c-4492625792f0,http://www.whaleshark.org/encounters/encounter.jsp?number=e30ffe9d-c775-4c04-9d1c-4492625792f0,,P,"Holmberg J, Arzoumanian Z, and Pierce S. Wildbook for Whale Sharks. version 2014. www.whaleshark.org",Animalia,Chordata,Chondrichthyes,Orectolobiformes,Rhincodontidae,,,2010,4,28,2010,4,28,,Shib Habil,,,female,,,R-089,RedSea-ShibHabil,michael.berumen@kaust.edu.sa
1/12/2017,WILDME,RhincodonTypus,ca3b17d9-ae80-4260-ba09-317b807a489f,http://www.whaleshark.org/encounters/encounter.jsp?number=ca3b17d9-ae80-4260-ba09-317b807a489f,,P,"Holmberg J, Arzoumanian Z, and Pierce S. Wildbook for Whale Sharks. version 2014. www.whaleshark.org",Animalia,Chordata,Chondrichthyes,Orectolobiformes,Rhincodontidae,,,2010,4,27,2010,4,27,,Shib Habil,,,female,,,R-088,RedSea-ShibHabil,michael.berumen@kaust.edu.sa
3/21/2017,WILDME,RhincodonTypus,ad609715-ea91-429e-a951-a3cbe69a8a44,http://www.whaleshark.org/encounters/encounter.jsp?number=ad609715-ea91-429e-a951-a3cbe69a8a44,,P,"Holmberg J, Arzoumanian Z, and Pierce S. Wildbook for Whale Sharks. version 2014. www.whaleshark.org",Animalia,Chordata,Chondrichthyes,Orectolobiformes,Rhincodontidae,,,2010,4,25,2010,4,25,8:45,Shib Habil,,,female,,,,RedSea-ShibHabil,royale.hardenstine@kaust.edu.sa
1/20/2017,WILDME,RhincodonTypus,5f547c5e-edbf-465b-871b-6ac219a1cd71,http://www.whaleshark.org/encounters/encounter.jsp?number=5f547c5e-edbf-465b-871b-6ac219a1cd71,,P,"Holmberg J, Arzoumanian Z, and Pierce S. Wildbook for Whale Sharks. version 2014. www.whaleshark.org",Animalia,Chordata,Chondrichthyes,Orectolobiformes,Rhincodontidae,,,2010,4,23,2010,4,23,,Shib Habil,,,,,,R-124,RedSea-ShibHabil,michael.berumen@kaust.edu.sa
1/12/2017,WILDME,RhincodonTypus,2e05121a-0c3e-47a1-af46-7f74ad8899f6,http://www.whaleshark.org/encounters/encounter.jsp?number=2e05121a-0c3e-47a1-af46-7f74ad8899f6,,P,"Holmberg J, Arzoumanian Z, and Pierce S. Wildbook for Whale Sharks. version 2014. www.whaleshark.org",Animalia,Chordata,Chondrichthyes,Orectolobiformes,Rhincodontidae,,,2010,4,23,2010,4,23,,Shib Habil,,,female,,,R-089,RedSea-ShibHabil,michael.berumen@kaust.edu.sa
1/12/2017,WILDME,RhincodonTypus,eeadc939-6657-4a5a-8cb0-20f57fc9f973,http://www.whaleshark.org/encounters/encounter.jsp?number=eeadc939-6657-4a5a-8cb0-20f57fc9f973,,P,"Holmberg J, Arzoumanian Z, and Pierce S. Wildbook for Whale Sharks. version 2014. www.whaleshark.org",Animalia,Chordata,Chondrichthyes,Orectolobiformes,Rhincodontidae,,,2010,4,12,2010,4,12,,Shib Habil,,,female,,,R-084,RedSea-ShibHabil,michael.berumen@kaust.edu.sa
1/14/2017,WILDME,RhincodonTypus,4b652cc5-cfdf-4a63-8482-9cceadd7a490,http://www.whaleshark.org/encounters/encounter.jsp?number=4b652cc5-cfdf-4a63-8482-9cceadd7a490,,P,"Holmberg J, Arzoumanian Z, and Pierce S. Wildbook for Whale Sharks. version 2014. www.whaleshark.org",Animalia,Chordata,Chondrichthyes,Orectolobiformes,Rhincodontidae,,,2010,4,12,2010,4,12,,Shib Habil,,,female,,,R-094,RedSea-ShibHabil,michael.berumen@kaust.edu.sa
1/18/2017,WILDME,RhincodonTypus,fd5ff372-3326-40c9-855f-d3f69dadcd37,http://www.whaleshark.org/encounters/encounter.jsp?number=fd5ff372-3326-40c9-855f-d3f69dadcd37,,P,"Holmberg J, Arzoumanian Z, and Pierce S. Wildbook for Whale Sharks. version 2014. www.whaleshark.org",Animalia,Chordata,Chondrichthyes,Orectolobiformes,Rhincodontidae,,,2010,4,9,2010,4,9,,Shib Habil,,,male,,,R-090,RedSea-ShibHabil,michael.berumen@kaust.edu.sa
1/12/2017,WILDME,RhincodonTypus,98becef2-bb43-41a5-8b1f-3203f69a703f,http://www.whaleshark.org/encounters/encounter.jsp?number=98becef2-bb43-41a5-8b1f-3203f69a703f,,P,"Holmberg J, Arzoumanian Z, and Pierce S. Wildbook for Whale Sharks. version 2014. www.whaleshark.org",Animalia,Chordata,Chondrichthyes,Orectolobiformes,Rhincodontidae,,,2010,4,8,2010,4,8,,Shib Habil,,,,,,R-083,RedSea-ShibHabil,michael.berumen@kaust.edu.sa
1/22/2017,WILDME,RhincodonTypus,3.52012E+11,http://www.whaleshark.org/encounters/encounter.jsp?number=352012142243,,P,"Holmberg J, Arzoumanian Z, and Pierce S. Wildbook for Whale Sharks. version 2014. www.whaleshark.org",Animalia,Chordata,Chondrichthyes,Orectolobiformes,Rhincodontidae,,,2010,4,12,2010,4,12,16:30,Shi'b Habil,40.2085,20.1252,female,,,R-089,RedSea,michael.berumen@kaust.edu.sa
1/24/2017,WILDME,RhincodonTypus,35201214758,http://www.whaleshark.org/encounters/encounter.jsp?number=35201214758,,P,"Holmberg J, Arzoumanian Z, and Pierce S. Wildbook for Whale Sharks. version 2014. www.whaleshark.org",Animalia,Chordata,Chondrichthyes,Orectolobiformes,Rhincodontidae,,,2010,3,30,2010,3,30,10:15,Shi'b Habil,40.22365,20.1217833,,,,R-166,RedSea,michael.berumen@kaust.edu.sa
